#,roll,pitch,xAcc,yAcc,zAcc,xGyro,yGyro,zGyro,dt
0,0.0,0.0,0.0,0.0,0.97,1.65,-21.06,-2.02,0.25
1,NaN,NaN,0.0,0.0,0.0,-1.77,8.54,-1.16,0.22
2,2.37,-4.18,0.09,0.05,1.2,-21.05,12.57,16.97,0.37
3,-8.51,-16.29,0.35,-0.19,1.19,-26.85,-35.77,57.86,0.33
4,-2.85,4.08,-0.06,-0.04,0.89,34.37,-0.98,5.0,0.36
5,3.77,1.09,-0.02,0.06,0.98,5.99,-4.89,-2.08,0.44
6,4.96,-4.77,0.09,0.1,1.12,-16.78,2.62,-1.34,0.34
7,5.29,-3.9,0.07,0.09,0.98,-5.79,5.98,2.32,0.34
8,0.19,-2.01,0.03,0.0,0.99,-0.12,0.67,0.55,0.36
9,3.99,-2.18,0.04,0.07,1.01,-0.91,-2.45,0.55,0.34
10,0.0,0.0,0.02,0.03,1.06,-1.03,-2.57,1.04,0.25
11,0.0,0.0,0.0,0.0,0.99,-3.05,-1.9,1.28,0.22
12,0.0,0.0,0.0,0.0,1.01,-2.68,2.92,-0.92,0.24
13,5.18,-4.02,0.07,0.09,1.02,3.06,3.11,-4.52,0.25
14,-0.88,-4.87,0.09,-0.02,1.02,32.29,-54.08,18.8,0.39
15,6.79,-8.66,0.15,0.12,1.01,12.15,-26.92,20.2,0.33
16,9.05,-11.4,0.2,0.16,0.97,29.55,-24.48,23.44,0.34
17,13.45,-25.25,0.48,0.26,0.98,24.66,39.55,-3.79,0.34
18,24.1,-4.46,0.08,0.41,0.91,4.7,32.65,-10.99,0.34
19,15.61,7.3,-0.13,0.28,0.98,-40.46,-13.01,17.15,0.36
20,1.16,-1.75,0.03,0.02,0.96,-16.84,-10.38,12.75,0.45
21,-3.39,-1.03,0.02,-0.06,0.93,-5.55,-11.85,6.9,0.36
22,1.98,0.76,-0.01,0.03,1.01,17.03,18.0,-3.6,0.34
23,4.24,1.99,-0.04,0.07,1.0,-0.55,-13.07,-1.47,0.34
24,-0.32,-1.93,0.03,-0.01,1.01,-0.85,-0.37,2.68,0.34
25,2.35,-2.72,0.05,0.04,1.02,-1.58,0.42,1.1,0.33
26,34.0,0.0,0.0,0.6,0.89,-30.09,-38.95,43.21,0.27
27,7.14,6.3,-0.12,0.14,1.09,-12.39,-28.08,21.36,0.44
28,NaN,NaN,0.0,0.0,0.0,-9.09,4.82,-9.77,0.24
29,-0.79,1.91,-0.03,-0.01,1.04,-2.56,3.78,-1.89,0.34
30,-0.62,-0.93,0.02,-0.01,0.97,4.22,-5.93,4.03,0.31
31,-1.83,-2.66,0.05,-0.03,1.0,1.71,0.61,0.43,0.36
32,0.0,0.0,0.0,0.0,0.0,2.99,2.86,4.27,0.24
33,0.0,0.0,0.0,0.0,1.01,-21.6,5.0,7.44,0.25
34,0.0,0.0,-0.04,0.21,0.99,6.96,-13.43,-12.51,0.36
35,0.0,0.0,-0.03,0.22,0.98,-0.61,-1.71,0.85,0.47
36,0.0,0.0,0.03,0.11,0.96,7.94,0.3,0.61,0.26
37,0.0,0.0,-0.01,0.19,1.11,-8.85,-13.19,8.79,0.36
38,0.0,0.0,0.03,0.07,0.95,-8.24,-20.39,7.51,0.39
39,0.0,0.0,0.12,-0.0,0.96,-2.86,11.29,14.83,0.34
40,0.0,0.0,0.06,-0.02,1.02,-1.7,-3.42,16.91,0.41
41,0.0,0.0,0.13,0.01,1.01,8.0,-5.01,46.32,0.37
42,0.0,0.0,-0.09,-0.01,1.06,-3.17,-45.9,-21.24,0.48
43,0.0,0.0,0.21,-0.01,0.96,-5.55,6.46,-26.12,0.3
44,0.0,0.0,0.11,0.03,0.99,0.98,53.77,-4.95,0.39
45,0.0,0.0,-0.21,0.02,1.0,-13.18,-70.26,0.98,0.34
46,0.0,0.0,0.32,0.0,0.95,6.29,32.83,-3.11,0.37
47,0.0,0.0,-0.03,0.07,1.05,-17.15,-72.27,13.67,0.39
48,0.0,0.0,0.33,-0.06,0.98,12.21,52.06,-7.57,0.36
49,0.0,0.0,0.03,0.04,1.05,-22.7,-42.06,7.44,0.34
50,0.0,0.0,0.35,-0.09,0.99,-0.55,1.46,35.83,0.47
51,0.0,0.0,0.1,-0.03,0.95,-23.37,-4.83,15.56,0.36
52,0.0,0.0,0.09,-0.05,1.11,-23.07,-4.34,6.96,0.37
53,0.0,0.0,0.18,-0.0,1.0,-6.28,-4.95,-1.77,0.36
54,0.0,0.0,0.0,0.0,0.93,-12.94,11.29,31.61,0.24
55,0.0,0.0,-0.07,-0.01,0.98,12.33,1.15,1.34,0.34
56,0.0,0.0,0.03,-0.06,1.03,-3.54,-13.19,2.5,0.31
57,0.59,3.89,-0.07,0.01,1.05,-2.93,4.76,-1.22,0.28
58,1.0,-1.94,0.04,0.02,1.06,-9.88,-9.77,6.1,0.27
59,-4.8,-6.34,0.12,-0.09,1.03,-7.14,-14.1,34.12,0.34
60,-4.47,-5.21,0.09,-0.08,0.99,-11.9,-7.76,32.59,0.34
61,-6.08,-5.18,0.09,-0.1,0.96,1.16,15.44,9.28,0.36
62,-8.19,0.95,-0.02,-0.14,1.0,9.59,9.52,0.79,0.34
63,-5.78,1.61,-0.03,-0.1,1.0,-1.58,-3.61,-4.64,0.33
64,-5.62,0.86,-0.02,-0.1,1.01,-0.48,5.98,-2.87,0.33
65,-8.71,1.27,-0.02,-0.15,0.98,4.03,-2.57,-4.09,0.42
66,-7.31,0.07,-0.0,-0.13,1.02,-5.37,2.74,5.49,0.36
67,-5.12,2.16,-0.04,-0.09,1.01,-4.51,-2.93,6.41,0.34
68,-5.17,1.57,-0.03,-0.09,0.99,-1.28,-2.51,-6.59,0.37
69,-4.1,0.92,-0.02,-0.07,1.01,0.8,-0.37,-3.11,0.37
70,-7.1,1.14,-0.02,-0.13,1.02,-2.07,0.91,-2.08,0.36
71,-11.75,0.07,-0.0,-0.21,1.01,15.93,3.11,-1.34,0.34
72,-0.8,0.79,-0.01,-0.01,0.96,4.52,-7.51,-0.37,0.51
73,-2.22,1.14,-0.02,-0.04,0.99,0.49,-3.06,0.55,0.24
74,NaN,NaN,0.0,0.0,0.0,11.23,-6.29,-0.31,0.24
75,-2.36,-0.78,0.01,-0.04,1.04,-4.15,5.61,-8.79,0.35
76,-4.26,-0.89,0.02,-0.07,0.98,0.55,5.06,3.54,0.34
77,-70.84,19.16,-0.02,-0.06,0.0,-1.83,-1.9,0.79,0.33
78,0.0,0.0,0.0,0.0,0.0,-2.19,3.96,-4.7,0.22
79,0.0,0.0,0.03,0.09,0.95,-36.8,-22.53,25.27,0.22
80,0.0,0.0,0.19,-0.02,1.06,15.93,18.06,27.16,0.45
81,0.0,0.0,0.17,0.03,0.88,-28.56,-3.79,-13.98,0.36
82,0.0,0.0,0.06,-0.09,1.0,0.13,-3.61,6.22,0.31
83,0.0,0.0,0.14,-0.01,1.0,-7.38,-9.95,0.06,0.41
84,0.0,0.0,0.23,-0.06,1.0,2.26,0.18,-0.43,0.3
85,0.0,0.0,0.07,-0.06,1.01,6.53,-4.03,0.06,0.37
86,-5.4,-10.61,0.19,-0.1,1.01,1.29,1.03,0.73,0.22
87,-3.95,-6.85,0.12,-0.07,1.01,0.37,-1.35,0.79,0.41
88,-4.71,-3.83,0.07,-0.08,0.99,0.68,-0.62,2.01,0.25
89,-4.51,-4.08,0.07,-0.08,0.98,-2.86,-0.37,3.11,0.36
90,-4.51,-5.4,0.1,-0.08,1.07,2.32,2.74,8.18,0.31
91,-0.49,-5.01,0.08,-0.01,0.92,-3.23,-4.46,9.46,0.31
92,-1.81,-5.64,0.1,-0.03,0.98,-0.97,0.12,12.33,0.34
93,-3.76,-7.65,0.13,-0.06,0.97,8.3,-4.64,-21.97,0.34
94,-7.99,-6.19,0.11,-0.14,0.97,18.86,5.37,-22.22,0.36
95,7.54,-8.92,0.18,0.15,1.15,-25.26,-4.16,5.43,0.45
96,11.1,-0.54,0.01,0.17,0.86,5.07,17.15,8.06,0.36
97,-1.7,0.92,-0.02,-0.03,1.01,0.68,-2.51,5.92,0.37
98,6.05,2.62,-0.05,0.12,1.1,-23.25,-39.37,-8.42,0.36
99,-10.32,-17.6,0.28,-0.17,0.87,-16.17,32.04,-21.42,0.34
100,-4.09,-7.21,0.13,-0.07,1.02,-1.09,-35.16,36.25,0.36
101,-10.8,-4.14,0.07,-0.19,1.01,5.38,14.22,31.92,0.41
102,6.47,5.58,-0.09,0.11,0.92,30.77,-27.65,-6.72,0.44
103,8.12,-3.65,0.07,0.15,1.07,-1.95,1.64,3.97,0.25
104,2.13,-1.91,0.03,0.04,1.02,-18.67,-3.0,2.81,0.42
105,-3.27,-2.64,0.05,-0.06,1.01,0.49,-0.13,1.34,0.36
106,-2.63,-0.39,0.01,-0.05,1.03,-3.9,-1.59,1.52,0.34
107,-4.22,0.53,-0.01,-0.07,1.01,-1.46,-0.86,0.36,0.34
108,0.0,0.0,0.05,-0.2,1.05,-12.94,14.58,-18.98,0.26
109,0.0,0.0,-0.05,0.02,0.96,49.38,-95.34,172.48,0.36
110,0.0,0.0,-0.08,-0.1,1.01,-5.18,-10.87,7.93,0.24
111,0.0,0.0,0.03,-0.05,1.03,1.35,-7.94,1.46,0.24
112,0.0,0.0,0.13,-0.01,1.04,-11.53,-2.08,1.65,0.26
113,0.0,0.0,0.15,-0.15,1.03,3.36,2.99,-1.04,0.23
114,0.0,0.0,0.0,0.29,0.96,-5.18,0.97,0.98,0.24
115,0.0,0.0,0.17,0.1,0.99,3.18,5.06,-6.23,0.34
116,0.0,0.0,0.03,0.1,1.16,-3.78,-2.14,-4.88,0.24
117,0.0,0.0,-0.05,0.04,1.07,-2.25,-5.56,16.48,0.42
118,0.0,0.0,0.0,-0.04,0.98,4.46,-7.88,12.33,0.24
119,0.0,0.0,0.0,0.02,1.03,33.39,30.27,-13.19,0.34
120,0.0,0.0,-0.25,0.2,0.9,-5.49,3.29,-4.15,0.21
121,0.0,0.0,0.0,0.22,1.01,-0.3,-7.76,2.93,0.24
122,0.0,0.0,0.0,0.0,0.0,-0.12,-1.9,5.0,0.25
123,0.0,0.0,0.0,-0.08,1.01,-5.43,0.12,0.24,0.27
124,0.0,0.0,0.0,-0.1,0.83,1.9,-8.55,-25.88,0.24
125,0.0,0.0,0.0,-0.14,1.03,18.56,-3.48,8.3,0.45
126,0.0,0.0,-0.03,-0.1,0.96,-21.05,-10.81,2.81,0.31
127,0.0,0.0,0.04,-0.17,1.01,-2.07,0.61,1.1,0.36
128,0.0,0.0,0.03,-0.18,1.01,12.64,6.46,4.33,0.34
129,0.0,0.0,0.0,0.04,1.06,-2.86,-15.94,-12.64,0.24
130,2.89,-2.57,0.07,0.08,1.54,-31.0,-8.98,58.65,0.25
131,-8.85,-19.01,0.21,-0.1,0.59,5.01,40.95,98.14,0.36
132,11.18,36.85,-0.68,0.22,0.88,11.3,53.83,-14.41,0.44
133,4.24,40.95,-0.72,0.08,0.83,-4.82,-14.65,0.79,0.24
134,4.42,32.49,-0.58,0.08,0.91,-7.93,-15.94,-13.06,0.34
135,5.44,29.73,-0.5,0.09,0.86,-3.72,-35.95,-9.58,0.34
136,0.38,18.55,-0.32,0.01,0.95,-20.93,0.54,-19.65,0.34
137,-7.55,11.5,-0.19,-0.12,0.92,22.28,-14.9,-11.48,0.34
138,2.5,9.55,-0.17,0.04,1.01,-21.11,-1.23,-2.44,0.33
139,0.0,0.0,0.0,0.0,0.48,-21.42,-5.44,-8.49,0.24
140,-15.84,-6.64,0.06,-0.15,0.53,-132.87,-58.6,54.32,0.42
141,21.46,22.1,-0.37,0.36,0.84,-25.87,15.44,0.3,0.34
142,4.46,3.55,-0.07,0.09,1.1,-10.01,-5.5,-12.21,0.34
143,-2.16,-0.59,0.01,-0.04,1.01,-5.92,-3.73,-7.87,0.34
144,-1.17,0.0,0.0,-0.02,0.98,-8.54,2.86,-2.02,0.34
145,0.0,0.0,-0.22,0.29,0.91,-64.88,-26.31,35.77,0.24
146,0.0,0.0,-0.04,0.28,1.28,-17.88,19.95,17.27,0.33
147,0.0,0.0,-0.52,0.01,0.95,-9.33,21.42,0.3,0.45
148,0.0,0.0,-0.04,-0.1,0.99,15.93,39.73,-6.53,0.25
149,0.0,0.0,-0.33,-0.08,0.99,-0.06,3.17,-19.35,0.33
150,0.0,0.0,0.0,-0.06,0.97,-8.72,-74.89,7.44,0.34
151,0.0,0.0,-0.02,-0.18,0.97,-13.42,-14.65,33.26,0.33
152,0.0,0.0,0.23,-0.37,1.05,19.96,55.78,6.22,0.34
153,0.0,0.0,-0.08,0.0,0.0,19.35,-47.25,-2.38,0.24
154,0.0,0.0,-0.12,0.32,0.59,-10.74,21.24,13.24,0.24
155,0.0,0.0,-0.09,0.01,1.14,-11.9,-14.04,-1.16,0.44
156,0.0,0.0,0.04,-0.19,0.9,-24.78,56.94,-10.32,0.33
157,0.0,0.0,0.0,-0.26,1.01,3.54,-0.0,-41.51,0.24
158,0.0,0.0,-0.06,-0.18,0.99,-0.91,3.66,-13.67,0.31
159,0.0,0.0,-0.16,-0.18,1.01,-2.74,6.65,-0.86,0.25
160,0.0,0.0,-0.1,-0.17,1.0,-3.72,-1.47,1.1,0.34
161,0.0,0.0,-0.09,-0.16,0.97,2.45,3.23,-0.12,0.33
162,0.0,0.0,-0.08,-0.16,0.99,-0.55,-4.77,0.67,0.47
163,0.0,0.0,-0.09,-0.16,0.99,-1.46,-0.25,0.79,0.25
164,-13.41,0.0,0.0,-0.24,1.0,-3.29,-7.15,-44.13,0.22
165,-14.63,-16.03,0.29,-0.27,0.99,-18.86,17.82,24.35,0.34
166,-18.02,-8.45,0.14,-0.3,0.91,-8.24,-3.61,39.98,0.31
167,-20.44,0.88,-0.01,-0.31,0.83,17.16,-11.11,19.71,0.34
168,-7.36,10.12,-0.17,-0.13,0.96,23.14,8.91,4.58,0.33
169,-4.23,1.65,-0.03,-0.08,1.03,5.5,27.28,19.04,0.36
170,-2.75,15.11,-0.27,-0.05,0.99,-2.44,-12.03,-6.29,0.44
171,-4.34,1.21,-0.02,-0.07,0.98,-7.44,1.28,-0.55,0.36
172,-13.72,4.03,-0.07,-0.24,0.98,4.7,-5.68,0.85,0.36
173,-7.79,4.58,-0.08,-0.13,0.97,-1.22,-1.59,0.91,0.34
174,0.0,0.0,-0.16,-0.34,1.27,43.71,22.94,-73.3,0.24
175,0.0,0.0,-0.12,0.32,0.68,-52.85,5.79,45.35,0.34
176,0.0,0.0,0.36,-0.22,1.26,20.88,-3.97,-6.17,0.34
177,0.0,0.0,0.1,-0.23,0.95,-8.6,-18.01,10.56,0.45
178,0.0,0.0,0.1,0.07,0.95,5.07,-3.97,-9.71,0.25
179,0.0,0.0,0.16,0.02,0.98,0.13,-3.24,1.1,0.26
180,0.0,0.0,0.06,-0.04,1.01,-0.91,-5.99,1.04,0.37
181,0.0,0.0,0.0,0.0,0.0,-2.86,-0.13,1.4,0.21
182,0.0,0.0,0.05,-0.05,0.94,-0.12,-1.16,-8.3,0.35
183,0.0,0.0,0.46,-0.09,0.89,-20.93,23.49,-17.76,0.33
184,0.0,0.0,-0.03,-0.03,1.0,3.61,-4.34,20.69,0.34
185,0.0,0.0,0.08,-0.21,1.07,-3.11,2.01,15.07,0.45
186,0.0,0.0,0.12,-0.16,1.01,2.75,-21.12,-9.46,0.31
187,0.0,0.0,0.15,-0.17,1.01,-7.93,2.56,13.79,0.37
188,0.0,0.0,0.28,-0.14,1.0,-1.4,5.0,-7.57,0.36
189,0.0,0.0,0.16,-0.17,0.97,-4.21,6.16,2.32,0.36
190,-10.89,-5.09,0.09,-0.19,0.99,-2.38,3.6,2.13,0.36
191,-11.86,-7.31,0.13,-0.22,1.03,-3.84,17.45,-0.67,0.34
192,-11.39,9.88,-0.17,-0.2,0.97,-5.06,-0.62,8.06,0.42
193,-12.72,13.41,-0.23,-0.22,0.93,-0.97,1.22,-2.02,0.25
194,-12.26,12.05,-0.21,-0.22,0.97,5.31,-25.33,-6.84,0.36
195,-11.76,0.97,-0.02,-0.2,0.98,3.67,-34.49,-9.58,0.36
196,-9.19,-9.45,0.17,-0.16,0.99,0.86,-12.4,-1.89,0.34
197,-9.31,-14.81,0.27,-0.17,0.99,2.75,27.77,3.17,0.34
198,-8.74,-6.4,0.11,-0.15,1.0,-4.21,17.45,6.83,0.31
199,-9.75,1.53,-0.03,-0.17,1.01,-1.46,8.66,7.81,0.34
200,-8.86,7.66,-0.13,-0.16,0.99,2.51,-23.2,-1.65,0.41
201,-8.52,5.79,-0.1,-0.15,1.01,3.12,-17.95,-3.42,0.31
202,-7.6,-1.74,0.03,-0.13,0.98,1.47,-23.38,-2.08,0.34
203,-7.66,-7.55,0.14,-0.14,1.03,0.07,14.58,5.98,0.34
204,-7.98,0.24,-0.0,-0.14,1.0,-2.25,5.92,1.95,0.34
205,-7.89,3.49,-0.07,-0.15,1.07,-0.97,-25.03,-3.91,0.36
206,-7.19,-2.39,0.04,-0.13,1.02,-1.03,-16.3,-0.55,0.34
207,-4.86,-3.99,0.07,-0.09,1.02,7.33,10.55,-9.71,0.42
208,-2.21,-2.54,0.04,-0.04,0.99,11.84,-9.89,-13.06,0.24
209,2.97,-2.06,0.03,0.05,0.91,5.86,-11.85,-13.31,0.36
210,5.19,4.39,-0.08,0.09,0.98,-10.25,-13.98,-9.95,0.36
211,0.77,0.64,-0.01,0.01,1.05,-2.38,2.56,2.26,0.36
212,2.15,0.71,-0.01,0.04,1.01,-3.17,-0.55,3.42,0.34
213,4.74,-2.5,0.04,0.08,1.0,-1.52,3.41,1.16,0.31
214,0.0,0.0,0.0,0.11,1.0,2.26,-2.51,-8.36,0.22
215,0.0,0.0,0.04,0.03,1.0,8.73,4.33,7.02,0.42
216,0.0,0.0,0.03,0.15,0.96,-25.63,9.46,17.94,0.33
217,0.0,0.0,0.01,0.09,0.98,-2.01,-7.88,5.49,0.31
218,0.0,0.0,-0.14,0.02,1.0,-10.86,-2.39,18.07,0.34
219,0.0,0.0,0.22,-0.16,1.09,6.05,1.52,2.56,0.36
220,0.0,0.0,0.0,-0.1,0.9,-20.08,5.12,1.89,0.37
221,0.0,0.0,0.0,-0.12,0.66,-3.96,0.73,1.59,0.34
222,NaN,NaN,0.0,0.0,0.0,-2.68,-0.8,0.18,0.25
223,-0.91,-2.25,0.04,-0.02,1.0,0.25,1.7,0.43,0.22
224,1.13,-2.37,0.04,0.02,1.04,10.01,17.76,-0.55,0.36
225,6.85,-4.92,0.09,0.13,1.07,-12.08,-0.68,-23.01,0.36
226,-0.16,-6.66,0.12,-0.0,1.03,-3.9,-7.7,9.21,0.33
227,-2.72,-5.61,0.1,-0.05,0.99,6.23,-10.38,12.08,0.34
228,4.19,-7.33,0.1,0.06,0.81,4.4,10.68,-1.22,0.36
229,5.62,2.93,-0.05,0.1,1.03,14.23,-8.49,-6.47,0.37
230,2.96,0.2,-0.0,0.05,1.01,0.07,-4.77,0.73,0.45
231,3.66,0.7,-0.01,0.06,1.0,-1.4,-0.31,0.61,0.34
232,NaN,NaN,0.0,0.0,0.0,5.62,-21.73,1.89,0.22
233,2.48,-6.5,0.11,0.04,0.99,6.35,-5.01,7.57,0.35
234,5.26,-10.05,0.18,0.09,1.0,-1.46,0.79,1.1,0.34
235,0.0,0.0,-0.17,0.59,0.85,-6.65,-29.48,-26.67,0.24
236,0.0,0.0,0.18,-0.15,1.04,8.43,11.35,-31.74,0.24
237,0.0,0.0,-0.01,-0.24,0.97,-8.24,11.65,0.91,0.45
238,0.0,0.0,0.0,0.0,0.0,-12.63,-17.28,-4.03,0.24
239,0.0,0.0,-0.11,-0.11,1.07,-24.72,-19.84,5.8,0.35
240,0.0,0.0,0.09,-0.1,0.98,31.13,3.54,2.87,0.33
241,0.0,0.0,-0.14,0.0,1.05,-14.95,-63.6,-8.12,0.25
242,0.0,0.0,0.16,-0.11,0.94,28.08,-48.41,17.21,0.36
243,0.0,0.0,0.6,0.22,0.94,-34.42,105.04,14.34,0.36
244,0.0,0.0,-0.14,0.01,0.95,33.33,-35.34,-8.85,0.37
245,0.0,0.0,0.07,0.13,0.87,-65.06,-4.77,1.16,0.44
246,0.0,0.0,0.11,0.1,0.85,116.03,25.69,26.0,0.34
247,0.0,0.0,0.19,0.38,1.08,-87.46,-7.57,22.22,0.37
248,0.0,0.0,0.13,-0.04,0.98,49.87,-22.65,-11.78,0.34
249,0.0,0.0,0.0,0.0,1.0,-2.44,-5.68,-8.61,0.24
250,0.0,0.0,0.21,-0.2,1.0,1.1,-2.02,-2.2,0.37
251,0.0,0.0,0.17,-0.16,1.01,8.0,-14.53,5.92,0.36
252,0.0,0.0,0.07,-0.01,1.08,74.53,18.92,-14.83,0.44
253,0.0,0.0,0.12,0.33,1.18,-81.54,-16.85,2.99,0.27
254,0.0,0.0,0.11,-0.06,0.86,38.15,-6.11,-12.15,0.36
255,0.0,0.0,0.21,0.25,1.12,-0.61,-1.35,-5.25,0.36
256,0.0,0.0,0.08,0.06,0.91,27.47,5.92,18.86,0.25
257,0.0,0.0,0.0,0.0,1.02,-28.5,10.13,26.3,0.22
258,0.0,0.0,0.32,-0.0,0.96,-8.91,-13.31,-5.56,0.27
259,0.0,0.0,0.42,-0.1,1.05,11.36,14.22,10.98,0.37
260,0.0,0.0,0.17,0.08,0.98,-3.54,9.33,15.32,0.44
261,0.0,0.0,0.09,-0.13,1.0,4.09,6.04,-2.69,0.33
262,0.0,0.0,0.13,-0.06,1.0,-0.73,5.24,-36.93,0.33
263,0.0,0.0,0.13,-0.1,0.97,-11.17,-9.71,-0.43,0.34
264,0.0,0.0,0.14,-0.17,1.01,1.35,-1.9,6.59,0.34
265,0.0,0.0,0.0,0.0,1.01,1.53,1.4,0.61,0.24
266,0.0,0.0,0.02,0.01,1.01,-2.99,-0.62,2.07,0.33
267,0.0,0.0,-0.08,-0.04,1.02,-5.55,-6.35,-0.67,0.23
268,0.0,0.0,-0.04,-0.07,1.01,-0.06,0.24,0.61,0.24
269,0.0,0.0,0.0,0.0,0.0,0.25,-5.86,-1.47,0.24
270,0.0,0.0,0.01,-0.06,1.02,0.98,0.12,0.49,0.35
271,0.0,0.0,-0.02,-0.04,1.01,-0.36,-1.29,0.24,0.26
272,0.0,0.0,0.0,0.0,1.02,0.8,0.24,0.79,0.24
273,0.0,0.0,-0.01,-0.07,1.01,-0.06,-1.47,-0.0,0.36
274,0.0,0.0,0.0,0.0,1.01,6.11,5.18,-2.5,0.24
275,0.0,0.0,-0.02,-0.02,1.01,-1.77,-0.43,0.12,0.48
276,0.0,0.0,-0.03,-0.05,1.01,-2.38,-1.04,0.36,0.36
277,0.0,0.0,-0.03,-0.05,1.01,-2.68,-3.48,2.56,0.37
278,0.0,0.0,-0.01,-0.14,1.01,3.73,0.91,0.55,0.25
279,0.0,0.0,0.0,0.0,1.02,-0.42,-4.7,-0.55,0.22
280,0.0,0.0,-0.08,-0.1,1.0,3.06,-3.12,-2.32,0.36
281,0.0,0.0,-0.03,-0.07,1.01,-3.78,-3.3,8.48,0.27
282,0.0,0.0,0.0,-0.2,1.0,14.96,-4.7,-0.55,0.47
283,0.0,0.0,-0.05,-0.15,1.02,12.15,-16.0,-0.49,0.25
284,0.0,0.0,0.05,-0.05,1.02,2.99,-5.56,-3.97,0.34
285,0.0,0.0,0.05,-0.09,1.02,2.32,-4.16,1.04,0.26
286,0.0,0.0,0.04,-0.05,1.01,-0.18,0.42,3.05,0.37
287,0.0,0.0,0.0,0.05,1.01,-2.19,-0.31,0.36,0.24
288,0.0,0.0,0.15,0.04,1.0,-2.56,0.36,-5.62,0.33
289,0.0,0.0,0.12,0.01,1.02,-0.67,-2.93,-3.6,0.36
290,0.0,0.0,0.14,-0.01,1.01,-0.42,9.39,3.78,0.45
291,0.0,0.0,0.06,-0.0,1.02,-7.69,4.57,-3.24,0.34
292,0.0,0.0,0.03,-0.07,1.01,3.91,1.58,-1.47,0.34
293,0.0,0.0,0.0,0.0,0.0,1.1,0.79,-0.73,0.24
294,0.0,0.0,0.01,-0.16,1.0,1.04,-0.07,0.24,0.33
295,0.0,0.0,-0.04,0.07,1.01,6.96,-3.61,-2.81,0.24
296,0.0,0.0,-0.03,0.07,1.01,2.81,-0.98,1.77,0.28
297,0.0,0.0,0.0,0.06,1.02,3.24,-0.07,0.49,0.44
298,0.0,0.0,-0.02,0.06,1.01,-2.56,-0.37,1.4,0.25
299,0.0,0.0,-0.04,0.06,1.01,-1.22,-1.16,0.55,0.24
300,0.0,0.0,0.0,0.0,0.0,-0.42,-3.79,-1.47,0.34
301,0.0,0.0,-0.04,0.04,1.01,-0.36,-0.55,0.85,0.33
302,0.0,0.0,-0.02,0.08,1.01,-1.46,-0.13,-0.18,0.24
303,0.0,0.0,-0.02,0.08,1.01,-0.42,-1.04,-0.43,0.34
304,0.0,0.0,-0.01,0.08,1.01,0.55,-1.96,0.43,0.37
305,0.0,0.0,-0.0,0.09,1.01,-3.54,-0.37,0.85,0.22
306,0.0,0.0,-0.0,0.11,1.01,-5.55,1.15,3.11,0.33
307,0.0,0.0,0.01,0.11,1.01,-3.05,-0.0,4.03,0.33
308,0.0,0.0,0.01,0.12,1.01,-4.09,0.24,11.35,0.34
309,0.0,0.0,-0.01,0.12,1.02,-1.58,-12.4,3.23,0.34
310,0.0,0.0,0.04,0.11,1.0,3.67,-1.1,0.79,0.36
311,0.0,0.0,0.08,0.04,1.01,2.14,0.36,-1.71,0.36
312,0.0,0.0,0.0,0.0,0.0,-0.67,-3.79,4.39,0.22
313,0.0,0.0,0.0,0.0,0.0,-0.48,-1.04,1.22,0.22
314,0.0,0.0,0.04,0.13,1.01,0.13,-1.84,2.38,0.36
315,0.0,0.0,0.09,0.12,1.01,-7.81,1.09,1.89,0.33
316,0.0,0.0,0.05,0.12,1.0,-1.22,-0.62,0.67,0.36
317,0.0,0.0,0.04,0.12,1.0,-0.42,-2.51,0.43,0.42
318,0.0,0.0,0.0,0.0,0.0,-0.24,-1.71,2.38,0.22
319,0.0,0.0,-0.44,0.47,0.77,2.32,-14.96,11.29,0.24
320,0.0,0.0,-0.41,0.31,0.8,-30.45,-92.11,34.36,0.44
321,0.0,0.0,0.28,0.18,0.67,-20.81,-102.97,-20.57,0.36
322,0.0,0.0,0.87,0.07,0.77,-29.35,139.83,-50.78,0.36
323,0.0,0.0,-0.01,-0.01,0.89,-36.19,93.99,31.13,0.33
324,0.0,0.0,-0.39,-0.02,1.05,28.02,-109.75,0.49,0.34
325,0.0,0.0,0.43,0.15,0.86,0.8,-47.06,-33.63,0.41
326,0.0,0.0,0.81,0.23,0.63,-49.68,46.93,-12.03,0.36
327,0.0,0.0,0.09,0.05,0.95,-3.41,70.31,86.36,0.45
328,0.0,0.0,-0.23,0.12,0.93,6.11,15.13,48.46,0.24
329,0.0,0.0,-0.32,0.28,0.95,-51.2,-52.56,-52.92,0.34
330,0.0,0.0,0.23,-0.17,0.96,-7.63,32.28,22.09,0.37
331,0.0,0.0,-0.05,-0.29,0.99,19.11,-0.8,-12.57,0.34
332,0.0,0.0,0.03,0.36,0.85,91.13,32.34,-8.61,0.36
333,0.0,0.0,-0.01,0.07,0.75,1.84,-14.53,-0.49,0.24
334,0.0,0.0,0.23,-0.03,0.99,1.77,-9.65,27.22,0.34
335,0.0,0.0,-0.07,-0.12,1.01,-0.55,-8.0,0.91,0.24
336,0.0,0.0,0.03,-0.13,1.01,9.1,-24.54,20.14,0.39
337,0.0,0.0,0.07,-0.12,0.93,11.6,11.29,-5.8,0.41
338,0.0,0.0,0.12,0.02,1.03,-0.73,-3.67,1.16,0.37
339,0.0,0.0,0.1,0.04,1.02,-2.13,-6.66,2.26,0.36
340,0.0,0.0,0.11,0.01,0.97,3.12,11.41,-3.79,0.36
341,0.0,0.0,0.06,0.03,1.01,-4.09,-9.71,1.04,0.34
342,0.0,0.0,0.17,0.0,0.98,-4.7,-7.02,-2.14,0.47
343,0.0,0.0,0.0,0.0,1.01,2.69,-1.04,8.3,0.22
344,0.0,0.0,0.11,-0.05,1.0,-1.16,-3.18,-1.34,0.42
345,0.0,0.0,0.14,-0.08,1.01,0.37,-2.63,1.95,0.37
346,0.0,0.0,0.12,-0.07,1.01,-0.61,-2.69,1.4,0.37
347,0.0,0.0,0.1,-0.07,1.01,0.0,0.18,0.55,0.39
348,0.0,0.0,0.11,-0.07,1.0,0.68,-0.19,0.67,0.37
349,0.0,0.0,0.11,-0.07,1.01,-0.18,0.12,0.85,0.45
350,0.0,0.0,0.08,-0.06,1.01,0.13,-1.59,0.43,0.5
351,0.0,0.0,0.07,-0.05,1.01,-2.93,-0.07,0.43,0.37
352,0.0,0.0,0.08,-0.07,1.01,-0.06,0.73,0.61,0.42
353,0.0,0.0,0.05,-0.04,0.99,-0.85,-2.32,-1.65,0.37
354,0.0,0.0,0.1,-0.04,1.01,0.43,-0.25,1.95,0.37
355,0.0,0.0,0.12,-0.03,1.03,0.68,-3.24,2.26,0.37
356,0.0,0.0,0.09,-0.02,1.02,-2.74,-1.84,2.87,0.37
357,0.0,0.0,0.1,-0.01,0.97,-0.36,3.54,0.91,0.47
358,0.0,0.0,0.12,-0.02,1.02,0.86,-0.8,-1.65,0.28
359,0.0,0.0,0.1,-0.01,1.01,-0.61,-0.86,-0.86,0.39
360,0.0,0.0,0.08,-0.01,1.01,0.13,-1.71,1.4,0.37
361,0.0,0.0,0.11,-0.01,1.02,0.13,1.09,-1.1,0.37
362,0.0,0.0,0.11,0.04,0.99,-50.35,30.33,-8.55,0.39
363,0.0,0.0,-0.13,-0.33,0.89,-10.98,47.54,-22.1,0.36
364,0.0,0.0,-0.49,-0.47,0.78,-8.24,2.56,-0.0,0.33
365,0.0,0.0,-0.24,-0.05,0.97,-2.56,-44.38,20.51,0.25
366,0.0,0.0,0.09,0.21,0.97,-39.55,2.86,-10.07,0.22
367,0.0,0.0,-0.04,0.04,1.03,-5.0,-1.59,13.98,0.34
368,0.0,0.0,-0.01,-0.02,0.94,2.08,-5.19,0.79,0.24
369,0.0,0.0,0.03,0.03,1.03,12.7,5.37,-2.14,0.36
370,0.0,0.0,0.01,0.04,1.05,-2.8,19.59,-7.75,0.34
371,0.0,0.0,0.0,0.17,1.01,1.04,-2.39,1.46,0.24
372,0.0,0.0,-0.06,0.12,1.01,-0.67,-2.81,0.3,0.45
373,0.0,0.0,-0.06,0.12,1.01,-1.4,-1.04,0.43,0.27
374,0.0,0.0,-0.05,0.12,1.01,-1.22,-1.29,0.3,0.36
375,0.0,0.0,-0.06,0.12,1.0,-0.42,-0.8,0.3,0.37
376,0.0,0.0,-0.1,0.18,0.9,-17.33,22.27,-48.22,0.37
377,0.0,0.0,0.0,0.0,0.0,19.47,-8.85,-29.36,0.24
378,0.0,0.0,0.0,0.0,0.0,12.03,21.3,12.94,0.25
379,0.0,0.0,0.09,0.11,0.99,-15.13,13.0,-1.1,0.33
380,0.0,0.0,0.13,0.14,1.03,1.59,-25.88,3.6,0.42
381,0.0,0.0,0.17,0.05,1.04,-5.06,1.58,-14.28,0.36
382,0.0,0.0,0.06,0.11,1.01,-21.97,-3.12,4.7,0.36
383,0.0,0.0,0.03,0.15,1.07,-0.67,-18.5,6.53,0.31
384,0.0,0.0,0.13,0.12,1.0,-10.98,3.11,-4.09,0.36
385,0.0,0.0,0.11,0.07,1.01,-13.24,16.96,-27.1,0.31
386,0.0,0.0,-0.0,-0.08,1.01,26.43,8.97,19.59,0.36
387,0.0,0.0,-0.11,-0.16,1.0,-6.71,25.81,-2.93,0.42
388,0.0,0.0,-0.25,-0.01,1.01,1.59,-38.58,1.4,0.21
389,0.0,0.0,-0.07,-0.02,0.97,4.52,7.26,10.37,0.36
390,0.0,0.0,0.11,0.09,1.0,-5.55,2.62,-0.0,0.27
391,0.0,0.0,0.04,0.1,1.01,-6.95,-2.14,0.24,0.36
392,0.0,0.0,0.08,0.07,1.01,-7.08,9.7,0.79,0.36
393,0.0,0.0,-0.02,0.06,1.01,9.46,-13.25,34.3,0.34
394,0.0,0.0,0.0,0.0,0.0,-11.71,2.62,7.08,0.22
395,0.0,0.0,0.17,-0.0,0.98,18.56,-9.95,-34.36,0.24
396,0.0,0.0,0.07,0.13,1.03,8.55,-18.99,-21.61,0.33
397,0.0,0.0,-0.05,0.1,0.98,6.35,-8.55,-8.36,0.33
398,0.0,0.0,0.05,0.19,0.97,-5.0,-8.67,-23.99,0.37
399,0.0,0.0,-0.11,0.11,1.02,-4.27,2.56,-0.49,0.36
400,0.0,0.0,0.0,0.0,1.06,-15.19,-40.65,46.75,0.34
401,0.0,0.0,0.3,0.03,1.01,13.07,7.93,-8.55,0.24
402,0.0,0.0,0.31,0.03,0.94,-22.03,30.88,-0.55,0.45
403,0.0,0.0,0.13,-0.17,1.05,20.39,-34.79,12.88,0.24
404,0.0,0.0,0.09,-0.01,1.0,-1.95,-1.35,16.29,0.34
405,0.0,0.0,0.09,0.02,1.01,-5.79,6.28,10.01,0.34
406,0.0,0.0,0.09,0.0,1.02,5.07,0.42,-2.2,0.36
407,0.0,0.0,0.02,-0.06,1.02,5.38,-9.34,7.51,0.34
408,0.0,0.0,0.07,-0.03,1.02,2.02,1.28,-2.63,0.33
409,0.0,0.0,0.05,-0.0,1.01,1.29,-0.98,5.0,0.34
410,0.0,0.0,0.05,-0.0,1.01,0.55,-0.49,-1.47,0.44
411,0.0,0.0,0.04,-0.0,1.02,5.01,-5.93,-0.55,0.37
412,0.0,0.0,0.06,0.04,0.98,11.05,23.62,-18.8,0.33
413,0.0,0.0,-0.05,-0.02,0.99,-8.85,-18.13,22.52,0.24
414,0.0,0.0,-0.0,-0.11,1.05,10.2,8.91,-13.67,0.36
415,0.0,0.0,0.0,0.0,0.99,10.14,-7.15,2.68,0.22
416,0.0,0.0,0.04,-0.03,1.01,1.41,-0.43,-3.11,0.34
417,0.0,0.0,0.08,-0.03,1.04,-13.73,14.58,4.15,0.45
418,0.0,0.0,-0.04,-0.05,1.0,-3.78,-3.24,4.7,0.25
419,0.0,0.0,-0.11,-0.11,1.02,19.05,-14.96,11.05,0.36
420,0.0,0.0,-0.08,0.02,1.01,1.29,-2.57,-1.1,0.36
421,0.0,0.0,-0.03,0.02,1.01,-1.58,3.23,-2.99,0.41
422,0.0,0.0,-0.04,0.03,1.01,-4.09,-2.45,1.22,0.39
423,0.0,0.0,-0.02,0.02,1.01,-0.73,-2.02,2.13,0.39
424,0.0,0.0,-0.03,-0.01,1.0,1.1,1.58,1.52,0.25
425,0.0,0.0,0.01,0.03,1.01,-2.74,-6.78,2.01,0.41
426,0.0,0.0,0.02,0.02,1.01,-1.4,-1.23,0.36,0.34
427,0.0,0.0,0.04,0.03,1.01,-1.77,-1.77,-1.47,0.39
428,0.0,0.0,0.04,0.02,1.01,-1.22,-0.98,0.18,0.34
429,0.0,0.0,0.03,0.02,1.01,-1.64,0.79,0.24,0.39
430,0.0,0.0,0.04,0.02,1.01,-0.12,-5.19,-3.3,0.36
431,0.0,0.0,-0.01,0.01,1.01,-0.18,-3.24,1.1,0.24
432,0.0,0.0,0.03,0.02,1.02,-0.18,-0.37,0.43,0.44
433,0.0,0.0,0.04,0.02,1.01,-1.89,-1.1,1.16,0.25
434,0.0,0.0,0.03,0.01,1.01,-0.42,4.02,-0.12,0.36
435,0.0,0.0,0.0,0.03,1.02,-1.58,-2.14,1.34,0.36
436,0.0,0.0,-0.01,0.02,1.01,0.07,0.36,-0.31,0.34
437,0.0,0.0,0.0,-0.03,1.01,-6.77,-6.78,5.61,0.22
438,0.0,0.0,0.0,-0.0,1.05,0.8,-10.14,4.03,0.26
439,0.0,0.0,0.0,-0.01,1.01,-2.07,-0.31,-0.37,0.36
440,0.0,0.0,0.0,-0.03,1.01,4.64,-3.3,-4.33,0.42
441,0.0,0.0,-0.0,-0.06,1.01,0.86,-0.13,0.73,0.27
442,0.0,0.0,0.01,-0.06,1.01,0.07,-1.47,0.43,0.36
443,0.0,0.0,-0.0,-0.04,1.01,-1.83,-1.04,1.16,0.36
444,0.0,0.0,0.01,-0.04,1.01,-0.67,-1.35,0.67,0.36
445,0.0,0.0,0.01,-0.04,1.02,0.43,-2.14,0.43,0.33
446,0.0,0.0,0.01,-0.05,1.01,0.13,-1.16,1.04,0.36
447,0.0,0.0,0.13,0.06,1.01,-20.2,4.27,-13.0,0.24
448,0.0,0.0,0.1,-0.02,1.02,1.53,9.76,-10.07,0.24
449,0.0,0.0,0.1,-0.01,1.01,-0.67,-0.49,-0.79,0.34
450,0.0,0.0,0.07,0.01,1.03,0.74,-4.95,3.11,0.26
451,0.0,0.0,0.03,0.03,1.01,1.53,-3.42,0.91,0.36
452,0.0,0.0,0.04,0.01,1.01,-0.48,-0.92,1.46,0.37
453,0.0,0.0,0.06,0.05,1.01,-4.02,-0.98,1.16,0.33
454,0.0,0.0,0.07,0.03,1.01,2.14,1.28,-1.22,0.36
455,0.0,0.0,0.06,0.05,0.99,6.96,-1.9,1.34,0.44
456,0.0,0.0,0.07,-0.0,1.1,36.08,-11.24,-4.03,0.33
457,0.0,0.0,0.02,-0.06,0.84,7.21,-13.01,-5.56,0.36
458,0.0,0.0,0.06,0.05,0.91,-12.45,-2.81,-7.69,0.34
459,0.0,0.0,0.05,0.03,0.96,-1.03,5.12,-7.63,0.34
460,0.0,0.0,0.0,0.25,0.92,-12.02,5.37,-3.36,0.24
461,0.0,0.0,0.05,0.13,1.07,-24.23,-10.08,-0.12,0.32
462,0.0,0.0,0.02,-0.01,0.97,-8.78,-27.41,-27.96,0.45
463,0.0,0.0,0.23,-0.07,0.93,-0.73,28.01,-15.57,0.27
464,0.0,0.0,0.13,-0.01,1.04,5.8,1.15,2.26,0.34
465,0.0,0.0,0.02,0.02,1.02,-3.54,-20.76,1.46,0.36
466,0.0,0.0,0.04,-0.22,0.98,21.49,13.18,-18.13,0.24
467,0.0,0.0,0.0,-0.09,1.02,-10.74,72.26,-6.17,0.24
468,0.0,0.0,0.08,-0.21,0.91,12.39,12.45,-2.99,0.36
469,0.0,0.0,-0.14,-0.49,1.07,17.09,3.47,0.24,0.37
470,0.0,0.0,-0.08,-0.06,0.0,-3.17,-16.12,4.33,0.42
471,0.0,0.0,-0.01,-0.14,1.0,8.85,-1.65,-5.01,0.33
472,0.0,0.0,-0.09,0.2,1.01,12.21,17.51,-2.38,0.24
473,0.0,0.0,0.01,0.07,1.02,-15.07,11.65,5.74,0.34
474,0.0,0.0,-0.06,0.06,1.01,7.02,-9.77,-1.95,0.34
475,0.0,0.0,0.14,0.07,0.98,-5.73,8.48,-2.38,0.34
476,0.0,0.0,-0.19,0.07,0.0,-17.7,-20.76,-2.87,0.26
477,0.0,0.0,0.2,-0.13,0.99,25.21,8.72,13.06,0.26
478,0.0,0.0,0.36,-0.06,0.96,-51.2,43.02,-20.69,0.26
479,0.0,0.0,0.33,-0.19,0.9,28.26,-27.71,1.1,0.36
480,0.0,0.0,0.63,0.0,0.71,-19.28,-15.26,-1.34,0.24
481,0.0,0.0,0.64,0.01,0.77,-0.55,-2.87,3.05,0.34
482,0.0,0.0,0.62,0.01,0.79,1.84,-5.93,-0.67,0.33
483,0.0,0.0,0.68,0.01,0.73,0.19,3.72,4.27,0.33
484,0.0,0.0,0.64,-0.01,0.83,-1.83,16.78,9.03,0.34
485,0.0,0.0,0.56,-0.1,0.87,-5.0,21.91,14.04,0.42
486,0.0,0.0,0.51,-0.17,0.87,-18.18,53.77,12.63,0.36
487,0.0,0.0,0.2,-0.16,0.99,-1.03,21.66,-12.33,0.36
488,0.0,0.0,-0.03,-0.06,1.02,17.52,-17.58,-1.71,0.34
489,0.0,0.0,0.11,0.05,1.04,-4.82,-21.12,15.2,0.33
490,0.0,0.0,0.33,0.0,0.93,-14.28,-85.52,6.22,0.33
491,0.0,0.0,0.0,0.0,0.73,-16.23,36.01,11.84,0.33
492,0.0,0.0,0.82,0.02,0.0,4.76,18.98,3.23,0.22
493,0.0,0.0,0.7,0.09,0.75,-7.14,18.12,-7.08,0.22
494,0.0,0.0,0.0,0.0,0.82,3.61,-12.03,2.99,0.34
495,0.0,0.0,0.71,0.01,0.82,-7.32,15.74,7.14,0.35
496,0.0,0.0,0.6,0.0,0.76,-1.03,2.38,7.32,0.36
497,0.0,0.0,0.63,0.08,0.73,-10.25,-3.85,4.21,0.33
498,0.0,0.0,0.82,0.05,0.6,-3.9,29.78,-1.04,0.24
499,0.0,0.0,0.72,0.06,0.69,-0.3,-16.91,1.46,0.34
500,0.0,0.0,0.0,0.0,0.48,4.7,-3.36,-5.19,0.22
501,0.0,0.0,0.0,0.0,0.48,-5.49,-8.12,0.06,0.24
502,-0.9,-62.4,0.87,-0.02,0.45,-3.05,0.73,-4.76,0.3
503,1.28,-54.66,0.79,0.02,0.56,10.62,-22.71,-0.55,0.24
504,1.95,-57.69,0.85,0.03,0.54,1.1,-4.09,3.42,0.26
505,-1.32,-56.37,0.83,-0.02,0.55,3.42,-2.57,1.52,0.26
506,1.32,-59.33,0.86,0.02,0.51,-2.07,-2.26,1.52,0.36
507,1.31,-59.27,0.87,0.02,0.52,0.43,-0.74,0.06,0.47
508,0.21,-57.49,0.83,0.0,0.53,1.16,2.44,-4.82,0.25
509,1.1,-59.93,0.87,0.02,0.5,-1.03,-3.97,-1.59,0.37
510,2.89,-61.55,0.9,0.05,0.49,-2.93,-0.07,-4.15,0.24
511,2.74,-60.12,0.85,0.05,0.48,-3.9,5.79,-8.42,0.37
512,3.87,-59.89,0.9,0.07,0.52,-4.76,4.27,0.55,0.33
513,2.76,-53.33,0.87,0.05,0.65,-10.55,45.53,10.13,0.33
514,2.66,-37.12,0.63,0.05,0.83,-21.18,59.81,3.6,0.34
515,-6.63,-15.54,0.28,-0.12,0.98,-4.09,21.24,-5.74,0.45
516,-3.5,-11.61,0.21,-0.06,1.0,3.48,6.89,-5.19,0.34
517,0.34,-9.82,0.17,0.01,0.99,7.76,-7.63,3.05,0.33
518,1.82,-12.03,0.21,0.03,1.0,-10.86,-33.94,11.84,0.33
519,2.65,-17.34,0.31,0.05,0.98,-3.17,-7.7,7.57,0.34
520,-0.03,-24.31,0.42,-0.0,0.93,-7.32,7.56,10.5,0.34
521,-1.6,-22.26,0.39,-0.03,0.95,0.61,4.39,9.03,0.36
522,-2.71,-19.39,0.34,-0.05,0.96,1.9,-1.1,11.17,0.47
523,-2.58,-17.38,0.3,-0.05,0.97,2.93,-0.13,13.91,0.25
524,-2.16,-16.63,0.29,-0.04,0.97,4.22,-1.16,8.24,0.36
525,0.02,-14.86,0.27,0.0,1.01,1.35,-3.36,-2.26,0.34
526,-0.57,-19.39,0.3,-0.01,0.85,-5.31,27.77,32.1,0.31
527,NaN,NaN,0.0,0.0,0.0,36.5,-16.91,-10.99,0.24
528,12.45,-45.91,0.74,0.22,0.68,-50.66,42.48,-14.83,0.33
529,NaN,NaN,0.0,0.0,0.0,-18.86,79.65,-26.25,0.24
530,3.57,-14.51,0.28,0.07,1.06,7.08,-11.72,-0.49,0.44
531,9.22,-15.61,0.28,0.16,0.98,-1.7,-14.04,5.8,0.33
532,7.99,-19.7,0.35,0.14,0.95,-4.63,35.52,-1.1,0.33
533,10.32,-17.97,0.29,0.17,0.89,9.53,-19.78,-1.16,0.37
534,3.05,-21.16,0.36,0.05,0.94,3.24,-2.26,-0.79,0.34
535,6.06,-16.81,0.3,0.11,0.99,-0.18,32.89,-10.5,0.36
536,4.76,-3.57,0.06,0.08,0.97,-12.87,-24.79,7.44,0.36
537,-1.33,-28.39,0.49,-0.02,0.9,13.31,-10.69,9.34,0.42
538,0.0,0.0,0.0,0.0,0.68,-8.42,24.41,1.77,0.24
539,9.36,-40.98,0.64,0.16,0.72,-4.88,13.73,-9.64,0.33
540,9.54,-33.33,0.58,0.17,0.86,4.83,47.36,-10.99,0.36
541,47.41,-42.59,0.22,0.24,0.0,-26.42,51.51,-4.82,0.34
542,6.87,1.47,-0.03,0.12,1.0,-3.54,10.68,0.36,0.34
543,54.1,35.9,-0.1,0.13,0.0,-0.12,-8.92,-3.48,0.34
544,9.32,48.9,-0.77,0.17,0.65,23.81,-7.94,6.35,0.25
545,18.7,49.82,-0.81,0.34,0.6,15.87,-52.92,31.49,0.44
546,32.59,25.29,-0.44,0.55,0.75,-2.8,-46.64,-3.3,0.36
547,31.74,5.48,-0.1,0.53,0.86,15.87,-52.56,24.17,0.36
548,30.14,-14.34,0.26,0.54,0.89,-34.18,-43.89,21.06,0.31
549,9.59,0.0,0.0,0.12,0.68,-16.66,-2.02,0.24,0.24
550,-0.79,-46.74,0.74,-0.01,0.7,-33.08,35.46,1.16,0.36
551,-9.38,-35.28,0.56,-0.16,0.78,2.75,19.4,-3.36,0.36
552,-6.69,-21.5,0.37,-0.12,0.92,-4.76,45.53,-2.44,0.47
553,-6.87,-11.65,0.21,-0.12,0.99,5.56,-16.97,-6.9,0.24
554,-2.59,0.0,0.0,-0.04,0.99,6.29,7.99,-0.92,0.34
555,-1.28,-6.68,0.12,-0.02,1.05,-49.37,-6.17,10.44,0.34
556,-90.0,0.0,0.0,-0.32,0.0,1.35,-62.75,-7.87,0.34
557,-3.93,-48.76,0.82,-0.07,0.71,6.66,49.86,-9.1,0.25
558,-0.68,-36.46,0.6,-0.01,0.81,0.43,12.02,-6.59,0.34
559,1.09,-28.11,0.47,0.02,0.89,7.82,43.15,-9.03,0.34
560,5.51,-13.69,0.25,0.1,1.0,-5.49,9.27,2.13,0.45
561,4.9,-7.05,0.13,0.09,1.02,2.69,4.76,-0.79,0.36
562,5.36,-4.53,0.08,0.09,0.99,-2.01,1.77,-0.0,0.36
563,3.26,-3.75,0.07,0.06,1.03,2.45,-4.58,-1.28,0.36
564,6.86,-4.01,0.07,0.12,0.98,-3.78,-4.7,-2.81,0.31
565,2.89,-5.5,0.1,0.05,1.02,0.55,-4.28,2.5,0.34
566,4.74,-5.5,0.1,0.08,1.02,5.25,2.8,-3.42,0.36
567,4.62,-4.66,0.09,0.09,1.1,-4.33,4.63,2.93,0.45
568,5.33,-3.64,0.06,0.09,1.01,-3.29,-5.25,1.28,0.27
569,1.34,-1.62,0.03,0.02,1.01,8.98,-35.83,-2.26,0.24
570,-1.61,-4.03,0.07,-0.03,1.04,13.0,-5.56,0.49,0.34
571,1.97,-3.25,0.06,0.03,1.01,0.07,-1.77,0.67,0.33
572,2.08,-6.75,0.13,0.04,1.06,-4.82,-2.81,1.1,0.22
573,-2.34,-5.77,0.09,-0.04,0.92,-18.37,24.17,0.79,0.33
574,-8.19,3.08,-0.05,-0.14,0.98,17.52,-6.35,-2.08,0.34
575,-6.97,1.7,-0.03,-0.12,1.0,2.81,-0.98,-0.31,0.44
576,-3.43,5.87,-0.11,-0.06,1.02,-0.24,5.61,-4.27,0.25
577,-4.27,2.6,-0.05,-0.08,1.01,-0.24,-3.0,1.65,0.34
578,-2.21,0.26,-0.0,-0.04,1.01,-1.34,-3.3,-0.25,0.22
579,-4.07,1.49,-0.03,-0.07,1.02,0.49,-1.77,-0.25,0.34
580,-3.0,2.41,-0.04,-0.05,1.01,-2.44,-2.75,-0.49,0.37
581,-3.75,0.33,-0.01,-0.07,1.01,-0.79,-0.74,-0.06,0.39
582,-2.14,-0.33,0.01,-0.04,1.01,0.13,-0.86,0.98,0.22
583,-90.0,0.0,0.0,-0.02,0.0,-79.22,-16.67,-2.99,0.24
584,0.0,0.0,0.0,0.0,1.0,5.86,-20.82,0.85,0.24
585,5.5,13.42,-0.23,0.09,0.94,-23.01,-35.65,37.6,0.33
586,-6.15,3.1,-0.05,-0.11,0.99,-16.11,-40.04,45.04,0.34
587,-4.21,0.0,0.0,-0.07,0.96,13.0,-26.43,38.39,0.33
588,-2.08,-20.68,0.37,-0.04,0.98,-1.28,-12.64,9.89,0.33
589,-2.87,-22.22,0.39,-0.05,0.94,-2.56,-1.29,-6.72,0.36
590,0.12,-22.59,0.39,0.0,0.94,-2.74,1.52,-7.45,0.44
591,0.46,-19.09,0.34,0.01,0.97,-0.67,1.64,0.43,0.26
592,2.55,-15.74,0.27,0.04,0.94,4.76,3.17,-3.3,0.36
593,2.52,-13.28,0.23,0.04,0.98,1.71,-7.15,-1.1,0.36
594,0.0,0.0,0.0,0.0,0.99,-0.42,-5.07,-1.95,0.24
595,3.69,-14.04,0.25,0.07,0.99,0.31,-0.49,3.29,0.35
596,4.76,-11.12,0.19,0.08,0.98,-3.9,7.99,-33.88,0.33
597,-3.26,4.01,-0.07,-0.06,1.04,9.1,-33.33,-55.67,0.45
598,11.79,0.0,0.0,0.21,1.02,-20.2,8.11,-34.06,0.25
599,0.33,-58.9,0.79,0.01,0.47,3.61,74.58,-1.41,0.24
600,-5.0,-38.69,0.63,-0.09,0.79,27.23,-64.15,-0.49,0.36
601,-1.46,-60.34,0.88,-0.03,0.5,1.22,-6.96,5.0,0.34
602,-3.16,-60.11,0.91,-0.06,0.52,-5.12,4.69,-4.03,0.24
603,-4.29,-60.01,0.86,-0.07,0.49,-3.78,6.16,-9.46,0.34
604,-2.94,-56.07,0.83,-0.05,0.56,3.36,-9.04,-0.79,0.36
605,-5.76,-60.2,0.84,-0.1,0.47,27.84,-11.72,1.89,0.44
606,-0.1,-66.23,0.88,-0.0,0.39,0.0,-5.01,-0.61,0.36
607,-0.78,-65.75,0.93,-0.01,0.42,-2.25,3.23,5.61,0.33
608,0.2,-57.84,0.85,0.0,0.54,-12.08,16.78,-8.73,0.24
609,2.85,-58.99,0.89,0.05,0.53,15.32,-12.58,11.6,0.33
610,2.8,-62.84,0.9,0.05,0.46,8.37,31.79,-14.34,0.33
611,5.15,-49.05,0.74,0.09,0.64,17.77,-18.86,2.81,0.37
612,6.64,-51.56,0.81,0.12,0.63,-4.09,17.7,7.75,0.45
613,5.68,-51.15,0.75,0.09,0.59,24.36,-17.4,-5.86,0.25
614,21.74,-47.61,0.73,0.36,0.55,52.98,12.45,-3.72,0.36
615,42.15,-30.01,0.64,0.86,0.7,-34.91,105.46,-26.19,0.23
616,-15.72,-13.09,0.21,-0.25,0.86,-10.98,27.83,-5.01,0.25
617,-2.44,-20.27,0.33,-0.04,0.9,16.06,-26.19,-3.36,0.36
618,-2.08,-32.31,0.55,-0.04,0.86,20.15,-13.98,10.92,0.37
619,-5.95,-38.65,0.63,-0.11,0.79,27.1,-1.35,18.61,0.28
620,3.34,-32.65,0.55,0.06,0.85,25.7,71.41,-32.17,0.44
621,1.39,-25.16,0.43,0.02,0.91,-3.29,-28.57,11.41,0.41
622,12.84,-31.21,0.51,0.22,0.82,-10.68,40.64,6.41,0.34
623,6.29,-25.09,0.44,0.11,0.92,5.62,19.16,-10.87,0.34
624,8.03,-22.41,0.4,0.14,0.95,-5.73,24.71,-3.6,0.34
625,7.8,-15.28,0.27,0.14,0.97,2.2,3.9,4.21,0.33
626,17.32,-14.69,0.27,0.32,0.98,32.41,10.19,7.69,0.34
627,21.41,-3.55,0.06,0.37,0.93,-15.8,36.86,-9.64,0.44
628,19.26,2.63,-0.05,0.34,0.96,-13.18,8.6,5.67,0.24
629,10.6,2.79,-0.05,0.18,0.97,-39.79,14.46,20.32,0.37
630,-3.9,10.79,-0.2,-0.07,1.03,-49.8,-8.79,-9.89,0.34
631,-23.75,4.95,-0.08,-0.39,0.87,-20.63,-13.74,-5.25,0.33
632,-26.61,1.75,-0.03,-0.46,0.92,37.05,-10.93,0.49,0.36
633,-7.6,-4.22,0.08,-0.14,1.03,14.65,0.67,-4.09,0.34
634,0.03,-1.81,0.03,0.0,0.99,57.44,0.06,-2.32,0.33
635,16.44,-5.34,0.09,0.29,0.97,-3.05,-7.82,0.18,0.44
636,13.14,-6.04,0.11,0.23,0.98,-4.02,-2.87,1.77,0.36
637,12.67,-8.5,0.15,0.22,0.98,-2.32,4.76,2.99,0.33
638,10.6,-7.93,0.14,0.19,0.99,-0.91,-1.1,-2.75,0.36
639,14.88,-9.4,0.17,0.26,0.97,0.49,-3.67,-3.18,0.34
640,10.99,-8.57,0.16,0.2,1.02,2.14,0.97,-1.89,0.36
641,14.56,-10.68,0.18,0.25,0.94,0.8,-10.14,10.37,0.36
642,13.13,-8.12,0.14,0.23,0.97,-1.03,-0.13,7.69,0.44
643,11.16,-10.36,0.18,0.2,0.98,6.72,0.12,7.99,0.28
644,13.4,-4.42,0.07,0.22,0.93,-20.2,-72.94,38.82,0.31
645,1.17,-5.01,0.1,0.02,1.12,-7.26,-12.27,7.57,0.21
646,11.98,0.0,0.0,0.21,1.0,-5.86,-11.72,-25.21,0.34
647,8.76,-14.46,0.25,0.15,0.96,-9.09,-8.67,6.22,0.34
648,2.29,-13.98,0.25,0.04,0.99,19.11,-32.17,-4.21,0.33
649,17.06,-18.36,0.33,0.31,0.94,-3.11,7.08,6.65,0.34
650,14.65,-12.74,0.23,0.27,1.0,9.34,-11.48,0.36,0.44
651,8.2,-17.99,0.32,0.15,0.98,-0.48,6.89,5.98,0.24
652,NaN,NaN,0.0,0.0,0.0,2.87,-1.23,1.89,0.22
653,10.28,-16.45,0.29,0.18,0.96,4.46,-1.41,5.8,0.33
654,12.72,-14.98,0.27,0.23,0.98,-0.97,-4.16,-0.25,0.34
655,10.89,-16.13,0.28,0.19,0.94,0.49,-1.1,2.26,0.33
656,31.22,-58.78,0.31,0.19,0.0,-0.12,-3.36,2.44,0.34
657,12.6,-16.98,0.29,0.22,0.92,1.16,-8.43,0.79,0.47
658,12.28,-19.48,0.34,0.22,0.94,-4.15,-1.84,-3.91,0.24
659,5.12,0.0,0.0,0.09,0.96,-6.59,-22.65,-3.11,0.24
660,1.09,-16.06,0.22,0.02,0.76,48.65,-52.8,-30.7,0.25
661,6.02,-20.31,0.34,0.1,0.91,16.79,30.33,-7.2,0.21
662,4.63,-8.56,0.15,0.08,0.99,-8.3,7.5,-15.14,0.37
663,12.19,-7.57,0.12,0.2,0.91,-37.9,25.87,5.86,0.36
664,9.6,-1.87,0.03,0.17,1.0,2.69,-9.71,2.56,0.36
665,9.43,-2.1,0.04,0.17,1.0,4.15,0.3,0.36,0.42
666,9.77,-3.21,0.06,0.17,0.99,1.22,0.12,1.83,0.37
667,10.4,1.92,-0.03,0.18,0.99,7.15,76.29,-16.18,0.36
668,14.29,29.51,-0.49,0.24,0.83,-0.61,51.02,-3.66,0.33
669,13.42,53.27,-0.76,0.22,0.52,0.19,23.68,-1.89,0.36
670,11.92,58.56,-0.86,0.21,0.48,13.43,13.61,-6.53,0.33
671,11.46,63.71,-0.88,0.19,0.39,5.31,11.23,-0.18,0.36
672,10.44,69.17,-0.91,0.18,0.3,-0.79,3.11,3.72,0.47
673,11.6,69.15,-0.92,0.2,0.29,-2.99,4.45,1.77,0.24
674,11.46,71.21,-0.93,0.2,0.25,-3.41,-8.79,8.67,0.34
675,10.77,61.08,-0.9,0.19,0.46,-16.54,-37.66,-11.35,0.37
676,2.87,48.22,-0.77,0.05,0.69,-29.78,-35.28,-13.61,0.37
677,-11.6,32.28,-0.55,-0.21,0.85,-39.18,-26.8,-12.51,0.33
678,-28.77,21.61,-0.36,-0.48,0.79,-45.16,-24.72,-20.75,0.34
679,-46.16,9.56,-0.16,-0.69,0.64,-29.48,-13.01,-6.65,0.36
680,-58.84,8.22,-0.15,-0.87,0.5,-9.21,-4.64,-4.64,0.42
681,-60.24,5.9,-0.1,-0.84,0.47,7.57,-26.49,-19.59,0.34
682,-53.83,-4.75,0.08,-0.82,0.59,69.58,-56.1,-4.15,0.34
683,-24.33,-21.78,0.36,-0.4,0.81,56.77,-29.73,-20.2,0.34
684,-7.11,-27.75,0.48,-0.13,0.9,41.02,38.81,-20.39,0.36
685,13.82,-15.37,0.27,0.24,0.95,24.48,27.52,4.33,0.34
686,20.01,-6.12,0.11,0.35,0.96,-35.95,14.89,8.18,0.36
687,12.78,-6.0,0.11,0.23,0.99,-13.36,3.96,-4.95,0.5
688,7.43,-4.85,0.08,0.12,0.94,-19.41,-37.3,45.04,0.25
689,5.58,-8.64,0.16,0.1,1.04,7.08,-18.32,-2.75,0.37
690,11.41,-4.54,0.08,0.2,0.96,-34.72,-25.33,-18.74,0.36
691,9.01,-5.07,0.09,0.17,1.06,-7.87,-12.82,-8.0,0.33
692,7.3,-0.52,0.01,0.13,0.98,7.15,-10.87,-44.92,0.36
693,6.35,1.35,-0.03,0.13,1.16,2.93,-19.96,111.82,0.34
694,10.39,-5.39,0.09,0.18,0.98,5.8,31.67,66.59,0.34
695,7.87,-3.35,0.06,0.14,1.01,-3.78,13.79,-22.28,0.45
696,21.87,4.78,-0.09,0.39,0.97,10.26,-72.64,-20.69,0.33
697,16.38,-5.93,0.12,0.32,1.08,-66.71,13.0,35.7,0.36
698,-25.47,-2.21,0.04,-0.41,0.85,-44.37,-0.31,1.34,0.36
699,-0.38,-0.1,0.0,-0.01,0.94,11.6,-15.39,24.84,0.36
700,7.22,-0.62,0.01,0.12,0.92,111.45,11.23,28.81,0.36
701,29.25,-0.24,0.0,0.53,0.94,-56.27,-5.38,-20.02,0.36
702,10.18,-3.19,0.06,0.18,1.02,-2.07,1.46,1.34,0.44
703,11.14,-1.79,0.03,0.19,0.97,4.15,-2.75,-1.34,0.25
704,11.88,-2.04,0.04,0.21,0.98,-0.42,-1.84,1.77,0.34
705,13.16,-2.02,0.04,0.23,0.98,2.87,1.52,4.88,0.34
706,22.45,1.29,-0.02,0.41,0.99,-16.72,-21.25,-0.37,0.34
707,17.18,0.05,-0.0,0.31,0.99,-20.2,-17.64,15.93,0.36
708,11.34,-7.11,0.13,0.2,0.99,3.79,25.08,-1.28,0.36
709,11.34,1.41,-0.03,0.2,1.01,2.26,-37.91,-6.78,0.34
710,6.52,-7.9,0.14,0.11,0.99,2.32,7.75,4.21,0.44
711,9.04,-6.72,0.12,0.16,1.01,-4.09,-23.93,-1.89,0.34
712,5.49,-20.01,0.32,0.09,0.88,16.0,6.77,-10.68,0.34
713,9.45,-17.97,0.32,0.17,0.97,-14.4,36.07,7.99,0.36
714,2.42,-6.11,0.11,0.04,0.99,3.48,51.14,-3.36,0.36
715,2.52,8.49,-0.15,0.05,1.03,-4.63,-0.37,-4.64,0.34
716,0.47,4.51,-0.08,0.01,1.03,-1.4,-27.04,3.05,0.31
717,-2.25,-11.83,0.21,-0.04,0.98,12.03,14.28,-1.77,0.47
718,3.28,-8.63,0.15,0.06,1.0,3.67,-11.72,4.45,0.25
719,5.8,-10.31,0.18,0.1,0.98,30.77,-34.86,-13.31,0.36
720,16.05,-15.16,0.26,0.28,0.92,24.17,-9.53,0.18,0.36
721,22.64,-18.53,0.34,0.41,0.92,-0.36,-26.56,13.37,0.34
722,20.15,-26.6,0.45,0.34,0.83,-1.64,10.0,-0.79,0.36
723,12.23,-27.25,0.5,0.23,0.94,-23.43,40.89,49.86,0.34
724,11.84,-1.04,0.02,0.19,0.9,14.47,28.44,-12.15,0.34
725,15.16,4.37,-0.06,0.22,0.82,25.03,33.44,-49.56,0.45
726,15.07,-4.07,0.07,0.26,0.95,-61.52,-25.4,-28.44,0.36
727,0.46,-5.24,0.1,0.01,1.07,0.49,-7.21,-7.26,0.34
728,-3.06,0.84,-0.02,-0.06,1.06,11.6,2.62,0.24,0.33
729,-1.0,0.0,0.0,-0.02,1.02,-3.6,-17.4,-5.37,0.34
730,-1.82,1.14,-0.02,-0.03,1.02,0.92,-0.43,0.43,0.24
731,-2.69,-3.06,0.05,-0.05,1.0,-1.89,-3.12,1.1,0.24
732,0.33,1.2,-0.02,0.01,1.01,-2.8,-0.86,0.91,0.24
733,-2.51,-0.3,0.01,-0.04,1.01,0.98,-1.65,0.79,0.24
734,-3.31,-0.57,0.01,-0.06,1.01,-2.01,-1.16,0.91,0.24
735,0.0,0.0,-0.05,0.0,0.0,3.12,-3.0,18.49,0.22
736,17.77,1.15,-0.02,0.28,0.89,-8.17,-14.04,0.36,0.24
737,5.17,-16.77,0.3,0.09,1.0,-61.4,40.52,87.46,0.33
738,-4.08,28.11,-0.5,-0.08,0.94,22.83,-64.89,-30.7,0.36
739,6.97,-4.14,0.08,0.13,1.09,30.22,19.4,16.97,0.37
740,16.49,-11.04,0.16,0.23,0.77,-5.18,-35.89,4.7,0.42
741,6.63,-0.54,0.01,0.12,1.01,-9.76,0.85,5.98,0.33
742,0.0,0.0,0.0,0.0,0.95,0.49,11.47,-8.0,0.24
743,0.43,1.24,-0.03,0.01,1.43,5.68,-23.38,46.26,0.34
744,-16.79,-9.42,0.09,-0.16,0.52,56.95,-42.73,30.88,0.33
745,6.44,0.33,-0.01,0.12,1.04,-11.47,7.26,-1.53,0.36
746,4.52,-3.46,0.07,0.09,1.11,-17.39,-0.86,-4.95,0.34
747,4.06,-2.94,0.05,0.07,1.0,0.68,-2.26,1.04,0.24
748,0.0,0.0,0.02,0.16,1.16,-12.63,7.44,-2.93,0.24
749,0.0,0.0,0.0,-0.0,1.03,4.09,-2.39,-1.65,0.24
750,0.0,0.0,-0.01,-0.01,1.38,1.77,13.36,67.26,0.34
751,0.0,0.0,-0.06,-0.19,0.77,18.25,-15.14,7.87,0.33
752,0.0,0.0,-0.12,0.02,1.01,22.65,3.47,5.55,0.37
753,0.0,0.0,0.01,0.02,1.13,-1.7,-2.69,1.46,0.34
754,0.0,0.0,-0.12,0.18,1.25,-36.13,-13.86,2.68,0.24
755,0.0,0.0,0.0,-0.15,0.8,45.54,40.28,-67.93,0.43
756,0.0,0.0,0.09,0.02,0.98,-9.03,46.02,-6.53,0.23
757,0.0,0.0,0.1,0.11,1.02,-2.68,-3.3,85.75,0.24
758,0.0,0.0,0.19,-0.1,1.1,27.71,-13.19,-41.69,0.34
759,0.0,0.0,-0.11,0.21,1.22,-40.65,-42.18,-10.87,0.34
760,0.0,0.0,-0.01,-0.19,0.99,5.92,18.31,43.09,0.36
761,-0.37,0.0,0.0,-0.01,1.07,19.29,-5.31,1.89,0.24
762,-2.63,-0.57,0.01,-0.05,1.03,9.59,1.7,-22.89,0.45
763,-0.1,-2.49,0.05,-0.0,1.08,-13.3,-3.67,2.99,0.25
764,-10.88,-4.58,0.09,-0.21,1.08,-28.74,-23.99,40.46,0.33
765,-12.26,-10.81,0.17,-0.19,0.85,28.87,6.65,27.34,0.33
766,3.64,5.06,-0.09,0.06,1.0,17.03,0.12,-23.38,0.36
767,-3.89,-0.72,0.01,-0.06,0.94,-0.12,-4.03,-13.92,0.36
768,-6.96,-1.33,0.02,-0.12,1.0,-6.83,-23.5,-14.65,0.33
769,-4.25,-6.38,0.11,-0.08,1.0,-1.83,-0.98,1.22,0.36
770,-5.22,-8.05,0.14,-0.09,1.01,6.41,3.54,2.01,0.44
771,NaN,NaN,0.0,0.0,0.0,-1.09,-8.12,1.95,0.22
772,-1.69,-2.39,0.04,-0.03,1.05,0.98,-1.59,26.49,0.34
773,0.32,0.22,-0.0,0.01,1.06,3.91,8.05,49.25,0.39
774,-0.52,-2.43,0.05,-0.01,1.07,11.11,-8.79,17.76,0.39
775,1.46,-5.82,0.08,0.02,0.79,-70.31,-4.89,36.5,0.34
776,-36.1,5.53,-0.1,-0.63,0.86,-34.11,-7.08,5.13,0.34
777,-0.43,4.41,-0.08,-0.01,0.99,52.01,6.22,11.05,0.47
778,8.81,3.47,-0.06,0.16,1.02,-24.78,-35.65,9.64,0.27
779,-8.27,-11.15,0.19,-0.14,0.95,-1.4,49.74,-8.73,0.36
780,-11.07,13.82,-0.24,-0.19,0.96,8.0,14.77,1.46,0.36
781,-1.49,16.61,-0.3,-0.03,0.99,7.21,-58.05,21.85,0.34
782,-7.55,-5.83,0.1,-0.13,0.97,-7.01,14.28,-3.24,0.33
783,0.05,0.41,-0.01,0.0,1.03,11.91,1.58,3.11,0.34
784,0.9,2.86,-0.05,0.02,1.01,-2.74,-4.34,-0.79,0.33
785,-0.51,2.28,-0.04,-0.01,1.07,18.86,-4.28,1.46,0.45
786,1.39,1.18,-0.02,0.02,1.01,-2.32,0.85,-2.08,0.34
787,4.15,2.5,-0.04,0.07,0.99,-1.52,1.34,1.22,0.36
788,1.06,3.52,-0.06,0.02,1.02,-0.79,-0.86,0.49,0.34
789,0.58,4.01,-0.07,0.01,1.01,-0.73,6.16,-10.44,0.36
790,31.37,58.63,-0.09,0.06,0.0,-3.66,12.02,6.16,0.33
791,1.17,2.08,-0.04,0.02,1.01,6.66,-25.21,-6.35,0.22
792,-5.65,-3.76,0.06,-0.08,0.85,-38.02,11.23,-6.9,0.44
793,8.83,2.52,-0.04,0.15,0.96,4.64,-1.59,8.54,0.24
794,-5.61,3.42,-0.05,-0.09,0.91,12.76,-27.53,-11.29,0.33
795,0.85,0.0,0.0,0.02,1.22,9.04,10.0,0.67,0.23
796,-3.97,-6.24,0.11,-0.07,0.98,3.97,16.11,-14.34,0.36
797,0.0,0.0,0.0,0.0,0.93,-38.81,-3.24,0.67,0.34
798,-6.06,3.33,-0.05,-0.09,0.86,-8.6,15.62,-2.56,0.35
799,-5.44,8.54,-0.15,-0.1,1.02,-12.94,10.43,-30.95,0.34
800,-3.6,4.36,-0.07,-0.06,0.97,-10.92,14.4,8.97,0.44
801,-2.75,38.93,-0.81,-0.06,1.0,-36.74,-26.25,-31.92,0.24
802,NaN,NaN,0.0,0.0,0.0,-11.17,22.4,-2.81,0.25
803,-3.98,2.38,-0.06,-0.09,1.33,-19.41,-33.57,24.05,0.35
804,-2.04,-10.23,0.14,-0.03,0.79,-1.58,-4.28,20.26,0.33
805,0.43,14.37,-0.25,0.01,0.97,9.28,19.47,4.82,0.39
806,0.15,0.7,-0.01,0.0,0.98,-8.97,5.67,0.24,0.36
807,-2.05,-0.38,0.01,-0.04,1.01,0.25,0.18,1.83,0.42
808,-1.72,0.14,-0.0,-0.03,1.02,1.41,2.38,0.67,0.25
809,0.0,0.0,0.03,0.05,1.0,-0.61,57.61,-66.71,0.24
810,0.0,0.0,-0.4,-0.04,0.89,14.9,28.07,-34.55,0.34
811,0.0,0.0,-0.56,0.05,0.88,9.65,19.71,-37.97,0.36
812,0.0,0.0,-0.74,0.04,0.72,2.2,-0.25,-0.37,0.34
813,0.0,0.0,-0.69,0.06,0.76,3.18,-2.69,-0.12,0.34
814,0.0,0.0,-0.65,0.07,0.77,-10.31,-15.2,51.39,0.34
815,0.0,0.0,-0.35,0.06,0.98,-32.89,-20.7,6.16,0.44
816,0.0,0.0,-0.02,-0.0,1.03,0.49,4.02,3.05,0.36
817,0.0,0.0,-0.03,0.02,0.98,-5.18,-4.46,1.1,0.33
818,0.0,0.0,0.0,-0.06,1.03,5.8,-4.89,0.55,0.24
819,0.0,0.0,0.06,-0.06,1.0,0.49,-1.1,1.16,0.24
820,0.0,0.0,0.0,0.0,0.0,0.68,-6.54,0.61,0.27
821,0.0,0.0,0.04,-0.26,0.99,0.92,-32.41,44.62,0.21
822,0.0,0.0,0.11,-0.45,0.86,-20.87,27.28,64.02,0.45
823,0.0,0.0,-0.09,-0.33,0.77,-7.56,30.27,81.72,0.25
824,0.0,0.0,-0.21,-0.16,1.0,-20.5,-9.65,28.5,0.3
825,0.0,0.0,-0.16,-0.16,0.99,-2.68,-12.64,4.76,0.39
826,0.0,0.0,-0.18,-0.23,1.01,-0.67,-8.67,1.34,0.45
827,0.0,0.0,-0.14,-0.12,0.97,13.74,-33.88,-2.87,0.45
828,0.0,0.0,0.0,0.04,0.96,45.29,24.65,-45.84,0.47
829,0.0,0.0,-0.17,0.3,0.92,-2.44,-27.84,17.45,0.45
830,0.0,0.0,0.2,0.12,0.96,-14.46,-1.53,0.18,0.32
831,0.0,0.0,0.08,0.1,1.01,30.83,-0.74,-3.79,0.41
832,0.0,0.0,0.05,0.22,0.92,-11.17,-11.3,7.93,0.37
833,0.0,0.0,0.19,0.16,0.95,6.23,1.46,2.26,0.48
834,0.0,0.0,0.23,0.16,0.99,-2.32,-6.96,-9.34,0.45
835,0.0,0.0,0.21,0.2,0.96,0.0,2.31,-9.1,0.44
836,0.0,0.0,0.22,0.25,0.97,-17.57,-2.08,10.86,0.44
837,0.0,0.0,0.15,0.07,0.98,6.35,-2.81,2.87,0.42
838,0.0,0.0,0.12,0.11,0.99,-1.09,-1.9,7.75,0.25
839,0.0,0.0,0.17,0.09,1.0,-1.09,-1.1,-0.12,0.39
840,0.0,0.0,0.18,0.09,1.0,-2.74,1.28,-9.71,0.36
841,0.0,0.0,0.18,0.14,0.99,-1.28,-1.41,2.38,0.45
842,0.0,0.0,0.14,0.1,1.0,0.61,1.4,1.28,0.5
843,0.0,0.0,0.13,0.24,1.01,1.84,-2.69,-0.25,0.42
844,0.0,0.0,-0.02,0.36,0.98,-9.52,-3.67,4.64,0.56
845,0.0,0.0,0.05,0.02,0.87,-23.13,-8.31,1.52,0.56
846,0.0,0.0,0.02,-0.07,0.86,18.62,5.37,-50.72,0.58
847,0.0,0.0,-0.01,-0.1,0.99,4.22,0.06,-2.63,0.26
848,0.0,0.0,0.04,-0.14,1.0,-19.16,10.19,-4.33,0.45
849,0.0,0.0,0.1,0.25,1.0,-27.71,7.99,-4.33,0.41
850,0.0,0.0,0.09,-0.02,0.96,-13.24,9.82,1.95,0.5
851,0.0,0.0,0.01,-0.0,1.02,-13.61,2.25,10.01,0.41
852,0.0,0.0,-0.13,-0.08,1.08,4.09,-2.51,-12.27,0.6
853,0.0,0.0,-0.0,-0.05,1.1,-13.48,11.16,4.45,0.44
854,0.0,0.0,-0.02,0.02,1.03,-2.74,2.74,1.16,0.54
855,0.0,0.0,-0.06,-0.06,1.02,6.35,-4.46,2.32,0.66
856,0.0,0.0,-0.02,-0.11,1.0,-1.95,3.41,0.06,0.44
857,0.0,0.0,-0.01,-0.0,0.97,-10.8,-2.87,-1.28,0.5
858,0.0,0.0,-0.05,-0.04,1.0,5.25,1.34,0.12,0.44
859,0.0,0.0,0.0,-0.05,1.03,-8.54,-3.0,-1.16,0.47
860,0.0,0.0,0.03,-0.09,1.02,4.64,0.48,4.82,0.56
861,0.0,0.0,0.0,-0.06,1.01,-15.25,-2.87,1.4,0.41
862,0.0,0.0,0.01,-0.09,1.02,-0.97,-3.24,2.26,0.54
863,0.0,0.0,0.01,-0.11,1.02,-8.05,-2.93,0.61,0.44
864,0.0,0.0,0.01,-0.14,1.0,-1.03,-1.16,1.77,0.6
865,0.0,0.0,0.01,-0.14,1.01,-1.83,0.06,2.87,0.48
866,0.0,0.0,0.07,-0.16,1.01,-4.57,-1.16,-1.16,0.56
867,0.0,0.0,0.05,-0.14,1.0,-2.19,-0.98,4.52,0.63
868,0.0,0.0,0.03,-0.16,1.0,2.63,-0.49,-1.16,0.5
869,0.0,0.0,0.04,-0.15,1.0,-1.4,-0.68,1.04,0.51
870,0.0,0.0,0.04,-0.16,1.0,-0.79,-0.92,0.98,0.56
871,0.0,0.0,0.04,-0.17,0.99,-2.13,-1.96,2.62,0.84
872,0.0,0.0,0.03,-0.21,1.01,0.07,6.04,1.4,0.51
873,0.0,0.0,0.04,-0.14,1.0,2.63,-3.24,2.32,0.44
874,0.0,0.0,0.08,-0.18,0.98,3.48,-2.57,-2.26,0.48
875,0.0,0.0,0.11,-0.18,0.99,-1.03,-8.18,-3.24,0.68
876,0.0,0.0,0.22,-0.19,0.95,8.06,10.37,-27.04,0.48
877,0.0,0.0,0.0,0.0,0.0,29.67,17.51,2.81,0.3
878,0.0,0.0,0.08,0.23,0.97,-17.88,11.59,-0.55,0.42
879,0.0,0.0,0.09,0.07,0.98,-11.1,-0.86,5.55,0.41
880,0.0,0.0,0.12,-0.03,1.01,-1.95,-3.85,2.81,0.37
881,0.0,0.0,0.06,-0.05,1.02,2.45,-1.53,-1.28,0.37
882,0.0,0.0,0.2,0.09,1.03,-2.25,-12.7,8.67,0.63
883,0.0,0.0,0.3,-0.05,1.01,-20.38,16.9,-12.33,0.39
884,0.0,0.0,0.25,-0.09,1.03,4.4,-16.06,2.87,0.45
885,0.0,0.0,0.27,-0.09,0.96,5.56,6.83,-2.08,0.45
886,0.0,0.0,0.27,-0.07,0.98,-6.53,2.92,-5.37,0.42
887,0.0,0.0,0.18,-0.13,1.03,-2.32,4.33,-23.38,0.48
888,0.0,0.0,0.2,-0.01,0.97,-5.37,-4.09,-7.2,0.4
889,0.0,0.0,0.26,-0.09,1.0,4.89,-3.18,9.64,0.48
890,0.0,0.0,0.2,-0.06,1.0,3.3,1.46,4.45,0.78
891,0.0,0.0,0.21,-0.17,1.03,11.84,-2.87,19.71,0.47
892,0.0,0.0,0.18,-0.14,1.0,19.66,14.89,-31.68,0.48
893,0.0,0.0,0.19,-0.06,0.99,-27.03,-0.25,-11.29,0.39
894,0.0,0.0,-0.07,-0.19,0.97,-0.97,7.26,1.04,0.47
895,0.0,0.0,0.11,-0.11,1.01,1.96,12.57,6.53,0.45
896,0.0,0.0,0.03,-0.1,1.02,-4.09,-1.53,5.55,0.62
897,0.0,0.0,0.08,-0.11,1.01,1.59,-1.29,-2.63,0.58
898,0.0,0.0,0.11,-0.15,1.04,8.92,-12.76,3.17,0.33
899,0.0,0.0,0.03,-0.07,0.96,11.54,39.3,15.01,0.39
900,0.0,0.0,0.16,0.13,1.09,-43.45,-20.39,49.01,0.42
901,0.0,0.0,0.04,0.06,0.91,-21.36,-0.25,13.67,0.48
902,0.0,0.0,-0.06,0.05,0.96,8.0,-10.38,9.58,0.37
903,0.0,0.0,-0.02,-0.02,0.94,1.96,-16.06,7.32,0.51
904,0.0,0.0,0.1,-0.03,1.05,-13.67,0.12,-17.52,0.34
905,0.0,0.0,0.04,-0.03,1.07,0.86,-17.64,1.46,0.45
906,0.0,0.0,0.05,-0.12,0.94,20.21,8.48,3.72,0.37
907,0.0,0.0,0.15,0.01,1.0,0.61,1.34,0.43,0.44
908,0.0,0.0,0.08,0.01,1.01,-1.95,-1.16,-0.55,0.36
909,0.0,0.0,0.07,0.0,1.04,-1.4,0.06,-1.95,0.47
910,0.0,0.0,0.0,0.02,0.97,-15.93,0.54,-3.72,0.37
911,0.0,0.0,0.15,0.02,1.02,-7.56,3.05,2.75,0.39
912,0.0,0.0,0.13,0.01,0.97,6.11,-3.48,-3.72,0.47
913,0.0,0.0,0.14,0.02,0.99,-9.82,-3.24,5.25,0.3
914,0.0,0.0,0.18,-0.06,0.96,-4.45,-2.75,-1.47,0.44
915,0.0,0.0,0.25,-0.06,0.98,-2.44,1.89,0.49,0.37
916,0.0,0.0,0.22,-0.05,1.01,-1.77,-0.98,0.61,0.44
917,0.0,0.0,0.23,-0.02,1.0,-0.06,8.48,1.77,0.48
918,0.0,0.0,0.12,-0.05,1.0,3.3,1.58,0.24,0.41
919,0.0,0.0,0.11,-0.03,1.02,-5.0,-1.53,-0.18,0.42
920,0.0,0.0,0.18,-0.15,0.99,-5.86,13.61,-7.87,0.5
921,0.0,0.0,0.18,-0.09,0.98,-7.14,24.9,-33.88,0.28
922,0.0,0.0,0.22,-0.15,0.97,-4.94,4.63,6.77,0.42
923,0.0,0.0,0.19,-0.18,0.98,2.93,29.66,-0.55,0.44
924,0.0,0.0,0.1,-0.14,1.0,-4.21,2.25,4.09,0.31
925,0.0,0.0,0.08,-0.17,0.98,1.1,-2.26,-1.47,0.36
926,0.0,0.0,0.09,-0.14,1.02,0.0,-3.18,-4.76,0.48
927,0.0,0.0,0.2,-0.17,0.92,38.52,-8.43,-7.81,0.52
928,0.0,0.0,0.15,0.07,1.07,-9.03,19.47,0.36,0.33
929,0.0,0.0,0.08,-0.03,0.98,2.2,-2.51,7.99,0.5
930,0.0,0.0,0.12,-0.01,0.97,-6.89,-4.46,5.19,0.62
931,0.0,0.0,0.13,-0.17,0.98,0.86,4.69,7.99,0.44
932,0.0,0.0,0.1,-0.06,1.01,12.94,4.51,-1.77,0.39
933,0.0,0.0,0.14,-0.03,1.04,-3.29,2.13,-1.59,0.42
934,0.0,0.0,0.08,-0.09,1.04,6.05,-0.13,-0.43,0.47
935,0.0,0.0,0.06,0.0,1.0,3.06,-5.31,3.9,0.54
936,0.0,0.0,0.07,-0.02,1.04,2.81,-1.04,2.44,0.47
937,0.0,0.0,0.07,-0.02,1.02,5.25,3.72,-1.95,0.47
938,0.0,0.0,0.05,-0.02,1.03,-3.47,-4.52,2.01,0.5
939,0.0,0.0,0.04,0.02,1.01,-3.72,-2.45,0.06,0.56
940,0.0,0.0,0.05,0.0,1.03,3.36,-0.92,0.55,0.47
941,0.0,0.0,0.04,-0.03,0.99,-3.29,-3.73,0.79,0.39
942,0.0,0.0,0.07,0.0,1.04,-3.29,-1.04,0.3,0.5
943,0.0,0.0,0.06,0.01,1.01,-4.88,-3.42,1.46,0.3
944,0.0,0.0,0.07,-0.03,1.04,2.26,-1.1,-1.41,0.51
945,0.0,0.0,0.09,-0.01,0.96,1.47,-5.99,-0.37,0.5
946,0.0,0.0,0.06,-0.02,0.96,4.95,-14.71,-0.73,0.51
947,0.0,0.0,0.08,0.01,1.01,0.19,-1.47,-0.73,0.42
948,0.0,0.0,0.09,-0.05,1.01,-2.8,1.03,-2.99,0.45
949,0.0,0.0,0.06,0.03,1.04,-0.36,1.15,1.22,0.5
950,0.0,0.0,0.12,0.02,1.0,-1.34,-1.59,-0.12,0.6
951,0.0,0.0,0.1,0.01,1.01,-1.58,-2.81,-0.18,0.58
952,0.0,0.0,0.11,0.02,1.01,-1.34,-2.81,0.73,0.54
953,0.0,0.0,0.1,0.0,1.0,-0.06,0.85,-1.59,0.5
954,0.0,0.0,0.32,-0.02,1.0,-30.57,-2.69,-22.52,0.36
955,0.0,0.0,0.0,0.0,0.0,7.57,20.5,-29.79,0.28
956,0.0,0.0,0.11,-0.17,1.14,-5.18,16.11,4.03,0.39
957,0.0,0.0,0.07,-0.18,0.99,16.61,-55.55,24.35,0.45
958,0.0,0.0,0.1,-0.04,1.13,-11.41,-9.53,-11.41,0.27
959,0.0,0.0,0.27,0.05,0.95,-23.74,2.07,-5.25,0.41
960,0.0,0.0,0.25,-0.07,0.93,15.69,31.06,2.44,0.39
961,0.0,0.0,0.09,-0.02,0.96,-2.5,-11.42,10.13,0.45
962,0.0,0.0,0.1,0.08,1.07,3.54,-9.77,0.73,0.41
963,0.0,0.0,0.18,-0.07,1.03,2.08,-7.76,9.95,0.39
964,0.0,0.0,0.18,-0.13,0.95,7.27,-3.73,-2.2,0.37
965,0.0,0.0,0.19,-0.0,1.05,-0.48,-3.24,8.18,0.48
966,0.0,0.0,0.13,-0.07,0.98,-0.24,-2.87,0.36,0.36
967,0.0,0.0,0.15,-0.04,1.0,1.59,-0.98,-0.06,0.36
968,0.0,0.0,0.14,-0.04,0.99,-2.86,-3.54,1.22,0.42
969,0.0,0.0,0.16,-0.05,0.99,0.68,-1.65,-0.18,0.37
970,0.0,0.0,0.17,-0.05,0.96,1.04,-9.22,6.41,0.33
971,0.0,0.0,0.16,-0.07,0.99,-1.4,-1.71,0.91,0.39
972,0.0,0.0,0.19,-0.06,1.0,-1.03,-2.08,-1.59,0.51
973,0.0,0.0,0.2,0.0,1.03,-8.17,4.76,-4.58,0.3
974,0.0,0.0,0.11,-0.11,1.04,-16.23,-14.47,14.46,0.45
975,0.0,0.0,0.17,-0.14,0.9,22.04,11.1,42.23,0.39
976,0.0,0.0,-0.04,-0.17,1.0,-28.68,-7.02,36.44,0.31
977,0.0,0.0,0.14,-0.3,1.15,30.52,-6.6,10.5,0.42
978,0.0,0.0,-0.04,0.04,1.03,-12.2,-1.53,15.5,0.39
979,0.0,0.0,-0.21,-0.17,0.9,11.6,119.26,30.7,0.27
980,0.0,0.0,-0.48,0.07,0.81,-5.55,-211.61,15.75,0.42
981,0.0,0.0,0.62,0.26,0.87,-70.13,149.71,-3.85,0.39
982,0.0,0.0,-0.12,0.11,0.96,-7.5,70.98,47.54,0.33
983,0.0,0.0,-0.39,0.17,1.12,-10.37,-140.39,32.84,0.36
984,0.0,0.0,0.27,0.08,0.67,-48.15,-32.48,-47.98,0.34
985,0.0,0.0,0.65,0.17,0.91,-18.61,181.21,19.16,0.37
986,0.0,0.0,0.26,0.07,0.92,35.59,-57.81,68.91,0.33
987,0.0,0.0,0.0,0.0,0.0,8.0,-0.07,-7.14,0.36
988,0.0,0.0,0.47,-0.01,0.88,-6.22,21.54,-13.25,0.24
989,0.0,0.0,0.39,0.03,0.94,12.82,-46.64,16.36,0.33
990,0.0,0.0,0.0,0.0,0.81,-12.14,95.27,-29.48,0.24
991,0.0,0.0,-0.07,0.0,1.02,-1.28,-34.18,18.37,0.31
992,0.0,0.0,0.11,-0.06,0.97,-29.96,108.09,6.41,0.33
993,0.0,0.0,-0.66,-0.21,1.11,-48.27,-292.73,-43.46,0.37
994,0.0,0.0,0.42,-0.13,0.86,0.19,-8.31,31.0,0.37
995,0.0,0.0,0.37,0.42,1.14,14.04,-13.86,-5.07,0.45
996,0.0,0.0,0.31,0.37,0.86,-30.27,13.48,15.62,0.36
997,0.0,0.0,0.31,-0.29,0.8,4.83,-18.38,-10.62,0.37
998,0.0,0.0,0.0,0.0,0.94,14.96,80.74,-7.81,0.27
999,0.0,0.0,-0.31,1.06,1.06,-383.11,46.75,6.9,0.21
1000,0.0,0.0,-0.37,-0.52,0.8,50.85,-4.89,-88.26,0.44
1001,0.0,0.0,-0.01,-0.07,0.99,14.84,37.35,-6.1,0.41
1002,0.0,0.0,-0.07,-0.12,0.86,8.92,-24.72,13.91,0.44
1003,0.0,0.0,-0.15,-0.15,0.65,63.48,59.93,20.87,0.28
1004,0.0,0.0,-0.26,0.04,0.83,50.79,37.17,-11.96,0.36
1005,0.0,0.0,-0.45,0.18,0.67,78.92,13.67,9.76,0.41
1006,0.0,0.0,0.0,0.0,-0.22,-232.17,-66.84,6.22,0.25
1007,0.0,0.0,-0.28,-0.51,0.52,67.57,24.53,-70.25,0.39
1008,0.0,0.0,-0.2,0.46,1.1,108.95,13.67,-58.41,0.37
1009,0.0,0.0,0.18,1.7,0.52,-335.02,-11.05,-125.73,0.31
1010,0.0,0.0,-0.16,-0.36,0.92,11.3,18.18,-4.09,0.47
1011,0.0,0.0,-0.01,-0.2,1.05,29.79,-4.46,-15.93,0.37
1012,0.0,0.0,-0.01,0.05,0.96,18.19,-8.98,-0.61,0.39
1013,0.0,0.0,0.01,0.08,1.0,11.84,3.35,1.71,0.36
1014,0.0,0.0,-0.01,-0.08,0.0,-6.16,5.92,-36.74,0.24
1015,0.0,0.0,0.11,0.1,0.97,-6.65,23.13,-41.14,0.34
1016,0.0,0.0,0.01,-0.07,1.05,2.81,0.67,0.98,0.21
1017,-0.03,-10.53,0.19,-0.0,1.02,-3.23,-1.35,-9.77,0.24
1018,NaN,NaN,0.0,0.0,0.0,-0.18,-2.39,0.85,0.21
1019,-3.27,-4.9,0.09,-0.06,1.01,2.02,-3.0,-0.67,0.31
1020,0.5,-5.66,0.1,0.01,1.05,0.31,6.83,8.48,0.34
1021,1.51,-5.78,0.1,0.03,0.99,-0.79,1.15,21.12,0.33
1022,0.43,-3.76,0.07,0.01,1.0,3.91,-1.29,34.48,0.36
1023,0.52,-0.83,0.01,0.01,0.99,3.54,-0.62,31.43,0.34
1024,1.76,1.86,-0.03,0.03,1.02,-4.39,5.85,14.89,0.34
1025,2.59,1.36,-0.02,0.04,0.99,10.32,-25.64,-1.59,0.42
1026,4.85,-7.27,0.13,0.09,1.0,3.54,-14.29,2.26,0.36
1027,6.08,-14.85,0.26,0.11,0.97,-0.55,-6.84,2.2,0.36
1028,7.13,-16.99,0.3,0.13,0.96,0.49,2.25,0.49,0.31
1029,6.57,-15.81,0.28,0.12,0.97,-1.34,5.06,-0.49,0.36
1030,4.31,-10.45,0.19,0.08,1.0,-11.96,35.76,3.05,0.37
1031,1.32,1.69,-0.03,0.02,1.01,-4.82,29.72,1.95,0.36
1032,0.4,16.22,-0.28,0.01,0.97,-2.44,16.35,-1.1,0.41
1033,-0.36,19.74,-0.33,-0.01,0.93,-1.58,15.07,-1.65,0.21
1034,-1.24,25.93,-0.43,-0.02,0.89,1.22,12.32,1.95,0.36
1035,-1.21,29.2,-0.5,-0.02,0.89,-2.93,-4.4,-0.73,0.31
1036,-0.56,25.12,-0.43,-0.01,0.92,8.24,-37.54,-6.65,0.36
1037,2.3,10.98,-0.2,0.04,1.01,7.76,-22.4,0.55,0.34
1038,9.19,5.71,-0.1,0.16,0.99,32.96,4.57,12.69,0.36
1039,20.73,3.58,-0.06,0.36,0.94,11.66,-5.44,-2.2,0.34
1040,27.95,1.76,-0.03,0.48,0.9,3.73,-0.31,4.45,0.44
1041,32.27,1.29,-0.02,0.54,0.85,2.08,2.01,-2.02,0.33
1042,32.19,1.92,-0.03,0.53,0.84,0.74,-1.65,-0.18,0.36
1043,29.07,0.71,-0.01,0.53,0.95,-46.69,-5.74,0.73,0.34
1044,12.57,0.65,-0.01,0.22,0.97,-51.2,5.85,6.9,0.33
1045,-5.06,-1.02,0.02,-0.09,1.02,-23.98,-3.97,0.55,0.37
1046,-11.72,-3.27,0.06,-0.21,0.99,-12.81,-3.54,0.36,0.33
1047,-17.3,-1.43,0.03,-0.3,0.98,-14.22,-2.57,1.59,0.47
1048,-20.17,-3.23,0.06,-0.35,0.95,-3.23,0.18,4.88,0.25
1049,-17.88,-3.82,0.07,-0.33,1.03,17.83,-7.15,-2.99,0.36
1050,-9.45,-7.99,0.15,-0.18,1.05,12.88,2.8,8.73,0.31
1051,-4.13,-6.16,0.11,-0.07,0.98,5.5,-14.23,4.7,0.33
1052,-4.17,-4.13,0.07,-0.07,0.96,1.35,-4.4,3.48,0.36
1053,-2.87,-6.16,0.1,-0.05,0.97,2.75,6.53,5.25,0.37
1054,-0.13,-1.95,0.03,-0.0,1.02,-1.58,0.18,-2.56,0.33
1055,-4.77,-0.93,0.02,-0.08,0.95,-6.59,-1.41,1.28,0.44
